Filename,CamId,labels
20110809_022406.jpg,10917,1
20110809_042408.jpg,10917,1
20110809_085407.jpg,10917,0
20110809_125406.jpg,10917,0
20110809_222407.jpg,10917,1
20110810_002406.jpg,10917,1
20110810_072406.jpg,10917,0
20110810_142406.jpg,10917,0
20110810_145409.jpg,10917,0
20110810_202406.jpg,10917,1
20110811_052407.jpg,10917,0
20110811_075407.jpg,10917,0
20110811_125406.jpg,10917,0
20110811_132406.jpg,10917,0
20110811_232407.jpg,10917,1
20110812_002407.jpg,10917,1
20110812_022406.jpg,10917,1
20110812_032407.jpg,10917,1
20110812_195407.jpg,10917,1
20110812_212407.jpg,10917,1
20110813_005406.jpg,10917,1
20110813_072408.jpg,10917,0
20110813_135406.jpg,10917,0
20110813_182407.jpg,10917,0
20110813_192407.jpg,10917,1
20110814_012413.jpg,10917,1
20110814_062406.jpg,10917,0
20110814_135407.jpg,10917,0
20110814_152406.jpg,10917,0
20110814_175408.jpg,10917,0
20110815_075406.jpg,10917,0
20110815_092406.jpg,10917,0
20110815_162411.jpg,10917,0
20110815_165406.jpg,10917,0
20110815_172408.jpg,10917,0
20110816_012407.jpg,10917,1
20110816_115407.jpg,10917,0
20110816_122408.jpg,10917,0
20110816_145406.jpg,10917,0
20110816_205405.jpg,10917,1
20110817_012407.jpg,10917,1
20110817_115407.jpg,10917,0
20110817_132407.jpg,10917,0
20110817_182406.jpg,10917,0
20110817_185406.jpg,10917,0
20110818_062407.jpg,10917,0
20110818_075406.jpg,10917,0
20110818_085407.jpg,10917,0
20110818_172406.jpg,10917,0
20110818_212407.jpg,10917,1
20110819_082407.jpg,10917,0
20110819_125408.jpg,10917,0
20110819_145407.jpg,10917,0
20110819_155407.jpg,10917,0
20110819_175406.jpg,10917,0
20110820_055406.jpg,10917,0
20110820_135407.jpg,10917,0
20110820_145406.jpg,10917,0
20110820_155406.jpg,10917,0
20110820_205405.jpg,10917,1
20110821_045406.jpg,10917,0
20110821_065405.jpg,10917,0
20110821_112406.jpg,10917,0
20110821_135407.jpg,10917,0
20110821_175407.jpg,10917,0
20110822_072407.jpg,10917,0
20110822_075406.jpg,10917,0
20110822_145406.jpg,10917,0
20110822_182406.jpg,10917,0
20110822_222408.jpg,10917,1
20110823_025406.jpg,10917,1
20110823_062406.jpg,10917,0
20110823_075407.jpg,10917,0
20110823_152406.jpg,10917,0
20110823_175408.jpg,10917,0
20110824_012406.jpg,10917,1
20110824_022407.jpg,10917,1
20110824_042407.jpg,10917,1
20110824_095407.jpg,10917,0
20110824_115406.jpg,10917,0
20110825_002410.jpg,10917,1
20110825_072407.jpg,10917,0
20110825_082406.jpg,10917,0
20110825_105406.jpg,10917,0
20110825_162406.jpg,10917,0
20110826_012406.jpg,10917,1
20110826_025406.jpg,10917,1
20110826_135406.jpg,10917,0
20110826_165406.jpg,10917,0
20110826_202407.jpg,10917,1
20110827_025407.jpg,10917,1
20110827_072407.jpg,10917,0
20110827_095406.jpg,10917,0
20110827_165406.jpg,10917,0
20110827_172406.jpg,10917,0
20110828_052407.jpg,10917,0
20110828_055407.jpg,10917,0
20110828_095416.jpg,10917,0
20110828_172407.jpg,10917,0
20110828_205406.jpg,10917,1
20110829_015406.jpg,10917,1
20110829_072407.jpg,10917,0
20110829_172407.jpg,10917,0
20110829_192406.jpg,10917,1
20110829_212406.jpg,10917,1
20110830_065407.jpg,10917,0
20110830_105407.jpg,10917,0
20110830_112407.jpg,10917,0
20110830_125407.jpg,10917,0
20110830_165405.jpg,10917,0
20110831_005407.jpg,10917,1
20110831_132407.jpg,10917,0
20110831_155407.jpg,10917,0
20110831_172406.jpg,10917,0
20110831_202407.jpg,10917,1
20110901_002407.jpg,10917,1
20110901_032406.jpg,10917,1
20110901_065407.jpg,10917,0
20110901_112407.jpg,10917,0
20110901_222406.jpg,10917,1
20110902_025407.jpg,10917,1
20110902_035406.jpg,10917,1
20110902_055406.jpg,10917,0
20110902_155406.jpg,10917,0
20110902_232407.jpg,10917,1
20110903_045406.jpg,10917,1
20110903_125406.jpg,10917,0
20110903_152406.jpg,10917,0
20110903_185406.jpg,10917,1
20110903_202407.jpg,10917,1
20110904_072406.jpg,10917,0
20110904_102407.jpg,10917,0
20110904_105405.jpg,10917,0
20110904_125406.jpg,10917,0
20110904_182406.jpg,10917,1
20110905_095407.jpg,10917,0
20110905_112406.jpg,10917,0
20110905_152405.jpg,10917,0
20110905_192407.jpg,10917,1
20110905_205406.jpg,10917,1
20110906_082406.jpg,10917,0
20110906_092406.jpg,10917,0
20110906_145406.jpg,10917,0
20110906_165407.jpg,10917,0
20110906_185406.jpg,10917,1
20110907_052406.jpg,10917,0
20110907_082407.jpg,10917,0
20110907_085407.jpg,10917,0
20110907_095406.jpg,10917,0
20110907_132407.jpg,10917,0
20110908_065407.jpg,10917,0
20110908_122406.jpg,10917,0
20110908_132407.jpg,10917,0
20110908_135406.jpg,10917,0
20110908_142406.jpg,10917,0
20110909_082407.jpg,10917,0
20110909_132407.jpg,10917,0
20110909_155406.jpg,10917,0
20110909_165406.jpg,10917,0
20110909_172407.jpg,10917,0
20110910_105406.jpg,10917,0
20110910_132407.jpg,10917,0
20110910_172407.jpg,10917,0
20110910_175406.jpg,10917,0
20110910_185406.jpg,10917,1
20110911_055406.jpg,10917,0
20110911_065407.jpg,10917,0
20110911_072406.jpg,10917,0
20110911_102407.jpg,10917,0
20110911_195406.jpg,10917,1
20110912_102406.jpg,10917,0
20110912_112407.jpg,10917,0
20110912_152407.jpg,10917,0
20110912_155406.jpg,10917,0
20110912_202406.jpg,10917,1
20110913_072406.jpg,10917,0
20110913_105407.jpg,10917,0
20110913_125406.jpg,10917,0
20110913_145406.jpg,10917,0
20110913_205406.jpg,10917,1
20110914_092406.jpg,10917,0
20110914_122406.jpg,10917,0
20110914_135406.jpg,10917,0
20110914_142407.jpg,10917,0
20110914_205417.jpg,10917,1
20110915_105406.jpg,10917,0
20110915_115407.jpg,10917,0
20110915_182406.jpg,10917,1
20110915_195407.jpg,10917,1
20110915_202406.jpg,10917,1
20110916_052406.jpg,10917,0
20110916_132408.jpg,10917,0
20110916_142407.jpg,10917,0
20110916_175407.jpg,10917,0
20110916_192407.jpg,10917,1
20110917_062407.jpg,10917,0
20110917_075407.jpg,10917,0
20110917_095406.jpg,10917,0
20110917_162407.jpg,10917,0
20110917_202406.jpg,10917,1
20110918_052406.jpg,10917,0
20110918_065408.jpg,10917,0
20110918_082407.jpg,10917,0
20110918_122406.jpg,10917,0
20110918_152407.jpg,10917,0
20110919_052405.jpg,10917,0
20110919_062406.jpg,10917,0
20110919_082406.jpg,10917,0
20110919_132405.jpg,10917,0
20110919_162405.jpg,10917,0
20110920_065405.jpg,10917,0
20110920_085405.jpg,10917,0
20110920_115407.jpg,10917,0
20110920_135407.jpg,10917,0
20110920_182406.jpg,10917,1
20110921_055407.jpg,10917,0
20110921_085406.jpg,10917,0
20110921_125406.jpg,10917,0
20110921_135407.jpg,10917,0
20110921_192406.jpg,10917,1
20110922_062407.jpg,10917,0
20110922_085407.jpg,10917,0
20110922_185407.jpg,10917,1
20110922_202406.jpg,10917,1
20110922_205407.jpg,10917,1
20110923_062406.jpg,10917,0
20110923_082405.jpg,10917,0
20110923_092405.jpg,10917,0
20110923_142407.jpg,10917,0
20110923_172407.jpg,10917,0
20110924_062405.jpg,10917,0
20110924_095405.jpg,10917,0
20110924_112408.jpg,10917,0
20110924_122406.jpg,10917,0
20110924_142408.jpg,10917,0
20110925_065407.jpg,10917,0
20110925_115407.jpg,10917,0
20110925_122406.jpg,10917,0
20110925_135407.jpg,10917,0
20110925_142406.jpg,10917,0
20110926_075407.jpg,10917,0
20110926_082406.jpg,10917,0
20110926_102407.jpg,10917,0
20110926_105407.jpg,10917,0
20110926_122407.jpg,10917,0
20110927_072406.jpg,10917,0
20110927_085407.jpg,10917,0
20110927_122406.jpg,10917,0
20110927_182407.jpg,10917,1
20110927_192405.jpg,10917,1
20110928_072408.jpg,10917,0
20110928_122406.jpg,10917,0
20110928_135406.jpg,10917,0
20110928_165406.jpg,10917,0
20110928_185407.jpg,10917,1
20110929_062407.jpg,10917,0
20110929_072407.jpg,10917,0
20110929_125407.jpg,10917,0
20110929_142407.jpg,10917,0
20110929_165418.jpg,10917,0
20110930_075406.jpg,10917,0
20110930_092407.jpg,10917,0
20110930_172407.jpg,10917,0
20110930_175407.jpg,10917,1
20110930_205406.jpg,10917,1
20111001_115406.jpg,10917,0
20111001_132406.jpg,10917,0
20111001_135407.jpg,10917,0
20111001_165407.jpg,10917,0
20111001_175406.jpg,10917,1
20111002_082407.jpg,10917,0
20111002_105406.jpg,10917,0
20111002_155407.jpg,10917,0
20111002_185406.jpg,10917,1
20111002_202406.jpg,10917,1
20111003_075407.jpg,10917,0
20111003_082406.jpg,10917,0
20111003_115406.jpg,10917,0
20111003_132406.jpg,10917,0
20111003_155405.jpg,10917,0
20111004_102406.jpg,10917,0
20111004_132407.jpg,10917,0
20111004_152407.jpg,10917,0
20111004_172406.jpg,10917,0
20111004_205407.jpg,10917,1
20111005_072406.jpg,10917,0
20111005_075407.jpg,10917,0
20111005_122407.jpg,10917,0
20111005_125406.jpg,10917,0
20111005_165406.jpg,10917,0
20111006_082407.jpg,10917,0
20111006_132407.jpg,10917,0
20111006_162406.jpg,10917,0
20111006_185407.jpg,10917,1
20111006_202406.jpg,10917,1
20111007_062406.jpg,10917,0
20111007_065406.jpg,10917,0
20111007_135406.jpg,10917,0
20111007_145406.jpg,10917,0
20111007_162407.jpg,10917,0
20111008_052405.jpg,10917,1
20111008_082406.jpg,10917,0
20111008_092406.jpg,10917,0
20111008_125406.jpg,10917,0
20111008_195406.jpg,10917,1
20111009_095406.jpg,10917,0
20111009_145406.jpg,10917,0
20111009_155405.jpg,10917,0
20111009_165406.jpg,10917,0
20111009_185407.jpg,10917,1
20111010_092407.jpg,10917,0
20111010_105407.jpg,10917,0
20111010_152406.jpg,10917,0
20111010_165406.jpg,10917,0
20111010_172409.jpg,10917,1
20111011_092407.jpg,10917,0
20111011_095407.jpg,10917,0
20111011_162406.jpg,10917,0
20111011_175406.jpg,10917,1
20111011_182406.jpg,10917,1
20111012_085406.jpg,10917,0
20111012_132406.jpg,10917,0
20111012_145406.jpg,10917,0
20111012_162405.jpg,10917,0
20111012_195406.jpg,10917,1
20111013_102412.jpg,10917,0
20111013_112407.jpg,10917,0
20111013_135406.jpg,10917,0
20111013_155405.jpg,10917,0
20111013_205405.jpg,10917,1
20111014_052406.jpg,10917,0
20111014_162405.jpg,10917,0
20111014_175405.jpg,10917,1
20111014_192405.jpg,10917,1
20111014_202406.jpg,10917,1
20111015_062406.jpg,10917,0
20111015_082406.jpg,10917,0
20111015_085405.jpg,10917,0
20111015_092405.jpg,10917,0
20111015_205405.jpg,10917,1
20111016_055406.jpg,10917,0
20111016_075405.jpg,10917,0
20111016_095406.jpg,10917,0
20111016_152406.jpg,10917,0
20111016_195406.jpg,10917,1
20111017_072405.jpg,10917,0
20111017_102406.jpg,10917,0
20111017_115406.jpg,10917,0
20111017_152406.jpg,10917,0
20111017_162406.jpg,10917,0
20111018_082405.jpg,10917,0
20111018_095407.jpg,10917,0
20111018_112405.jpg,10917,0
20111018_175405.jpg,10917,1
20111018_195407.jpg,10917,1
20111019_102406.jpg,10917,0
20111019_115405.jpg,10917,0
20111019_132406.jpg,10917,0
20111019_142405.jpg,10917,0
20111019_155405.jpg,10917,0
20111020_062409.jpg,10917,0
20111020_065423.jpg,10917,0
20111020_125405.jpg,10917,0
20111020_152405.jpg,10917,0
20111020_192405.jpg,10917,1
20111021_055405.jpg,10917,0
20111021_062411.jpg,10917,0
20111021_115406.jpg,10917,0
20111021_155406.jpg,10917,0
20111021_195405.jpg,10917,1
20111022_082405.jpg,10917,0
20111022_102406.jpg,10917,0
20111022_132405.jpg,10917,0
20111022_152406.jpg,10917,0
20111022_192405.jpg,10917,1
20111023_122405.jpg,10917,0
20111023_135405.jpg,10917,0
20111023_162405.jpg,10917,0
20111023_175406.jpg,10917,1
20111023_195406.jpg,10917,1
20111024_105406.jpg,10917,0
20111024_115405.jpg,10917,0
20111024_132406.jpg,10917,0
20111024_192405.jpg,10917,1
20111024_195405.jpg,10917,1
20111025_062405.jpg,10917,0
20111025_075405.jpg,10917,0
20111025_145405.jpg,10917,0
20111025_165405.jpg,10917,0
20111025_185405.jpg,10917,1
20111026_065423.jpg,10917,0
20111026_095406.jpg,10917,0
20111026_152406.jpg,10917,0
20111026_155406.jpg,10917,0
20111026_192405.jpg,10917,1
20111027_052406.jpg,10917,1
20111027_115407.jpg,10917,0
20111027_132406.jpg,10917,0
20111027_135406.jpg,10917,0
20111027_155406.jpg,10917,0
20111028_062405.jpg,10917,0
20111028_092405.jpg,10917,0
20111028_095405.jpg,10917,0
20111028_145405.jpg,10917,0
20111028_155406.jpg,10917,0
20111029_092405.jpg,10917,0
20111029_095406.jpg,10917,0
20111029_125405.jpg,10917,0
20111029_185406.jpg,10917,1
20111029_202406.jpg,10917,1
20111030_105406.jpg,10917,0
20111030_162406.jpg,10917,0
20111030_182405.jpg,10917,1
20111030_205405.jpg,10917,1
20111030_222405.jpg,10917,1
20111031_012405.jpg,10917,1
20111031_112405.jpg,10917,0
20111031_115405.jpg,10917,0
20111031_145406.jpg,10917,0
20111031_152406.jpg,10917,0
20111101_002405.jpg,10917,1
20111101_015405.jpg,10917,1
20111101_112405.jpg,10917,0
20111101_145405.jpg,10917,0
20111101_205405.jpg,10917,1
20111102_132405.jpg,10917,0
20111102_152405.jpg,10917,0
20111102_185425.jpg,10917,1
20111102_202406.jpg,10917,1
20111102_212405.jpg,10917,1
20111103_095405.jpg,10917,0
20111103_112406.jpg,10917,0
20111103_152405.jpg,10917,0
20111103_155406.jpg,10917,0
20111103_185406.jpg,10917,1
20111104_015405.jpg,10917,1
20111104_142405.jpg,10917,0
20111104_145406.jpg,10917,0
20111104_155405.jpg,10917,0
20111104_195405.jpg,10917,1
20111105_015406.jpg,10917,1
20111105_105428.jpg,10917,0
20111105_185406.jpg,10917,1
20111105_192405.jpg,10917,1
20111105_195405.jpg,10917,1
20111106_015405.jpg,10917,1
20111106_142405.jpg,10917,0
20111106_172405.jpg,10917,1
20111106_175405.jpg,10917,1
20111106_215405.jpg,10917,1
20111107_005405.jpg,10917,1
20111107_155406.jpg,10917,0
20111107_175405.jpg,10917,1
20111107_185406.jpg,10917,1
20111107_205406.jpg,10917,1
20111108_115405.jpg,10917,0
20111108_155405.jpg,10917,0
20111108_192405.jpg,10917,1
20111108_195406.jpg,10917,1
20111108_225405.jpg,10917,1
20111109_162406.jpg,10917,0
20111109_165405.jpg,10917,1
20111109_215406.jpg,10917,1
20111109_225406.jpg,10917,1
20111109_232405.jpg,10917,1
20111110_002405.jpg,10917,1
20111110_125406.jpg,10917,0
20111110_132407.jpg,10917,0
20111110_155405.jpg,10917,0
20111110_175406.jpg,10917,1
20111111_105406.jpg,10917,0
20111111_172405.jpg,10917,1
20111111_182405.jpg,10917,1
20111111_192406.jpg,10917,1
20111111_225405.jpg,10917,1
20111112_142405.jpg,10917,0
20111112_155406.jpg,10917,0
20111112_205405.jpg,10917,1
20111112_212405.jpg,10917,1
20111112_215405.jpg,10917,1
20111113_012405.jpg,10917,1
20111113_135405.jpg,10917,0
20111113_152405.jpg,10917,0
20111113_185405.jpg,10917,1
20111113_212405.jpg,10917,1
20111114_132405.jpg,10917,0
20111114_172406.jpg,10917,1
20111114_175406.jpg,10917,1
20111114_195406.jpg,10917,1
20111114_222405.jpg,10917,1
20111115_112456.jpg,10917,0
20111115_125406.jpg,10917,0
20111115_135405.jpg,10917,0
20111115_175405.jpg,10917,1
20111115_202406.jpg,10917,1
20111116_005405.jpg,10917,1
20111116_132406.jpg,10917,0
20111116_152405.jpg,10917,0
20111116_202406.jpg,10917,1
20111116_232406.jpg,10917,1
20111117_102406.jpg,10917,0
20111117_155405.jpg,10917,0
20111117_162405.jpg,10917,1
20111117_222406.jpg,10917,1
20111117_225406.jpg,10917,1
20111118_102406.jpg,10917,0
20111118_122405.jpg,10917,0
20111118_142406.jpg,10917,0
20111118_212405.jpg,10917,1
20111118_235406.jpg,10917,1
20111119_095406.jpg,10917,0
20111119_102405.jpg,10917,0
20111119_122405.jpg,10917,0
20111119_125406.jpg,10917,0
20111119_132405.jpg,10917,0
20111120_002405.jpg,10917,1
20111120_012406.jpg,10917,1
20111120_102406.jpg,10917,0
20111120_112405.jpg,10917,0
20111120_145406.jpg,10917,0
20111121_115405.jpg,10917,0
20111121_132405.jpg,10917,0
20111121_195406.jpg,10917,1
20111121_225405.jpg,10917,1
20111121_235407.jpg,10917,1
20111122_012406.jpg,10917,1
20111122_112406.jpg,10917,0
20111122_145405.jpg,10917,0
20111122_205405.jpg,10917,1
20111122_215405.jpg,10917,1
20111123_012405.jpg,10917,1
20111123_015405.jpg,10917,1
20111123_105406.jpg,10917,0
20111123_122405.jpg,10917,0
20111123_152405.jpg,10917,0
20111124_015405.jpg,10917,1
20111124_152406.jpg,10917,0
20111124_172405.jpg,10917,1
20111124_185405.jpg,10917,1
20111124_202405.jpg,10917,1
20111125_095405.jpg,10917,0
20111125_102501.jpg,10917,0
20111125_125406.jpg,10917,0
20111125_215405.jpg,10917,1
20111125_235406.jpg,10917,1
20111126_005408.jpg,10917,1
20111126_012405.jpg,10917,1
20111126_105405.jpg,10917,0
20111126_122406.jpg,10917,0
20111126_142406.jpg,10917,0
20111127_015407.jpg,10917,1
20111127_122408.jpg,10917,0
20111127_182406.jpg,10917,1
20111127_205405.jpg,10917,1
20111127_222406.jpg,10917,1
20111128_002406.jpg,10917,1
20111128_015406.jpg,10917,1
20111128_102407.jpg,10917,0
20111128_145405.jpg,10917,0
20111128_172405.jpg,10917,1
20111129_015405.jpg,10917,1
20111129_112525.jpg,10917,0
20111129_212405.jpg,10917,1
20111129_215405.jpg,10917,1
20111129_235405.jpg,10917,1
20111130_102405.jpg,10917,0
20111130_165408.jpg,10917,1
20111130_205407.jpg,10917,1
20111130_212406.jpg,10917,1
20111130_225406.jpg,10917,1
20111201_005406.jpg,10917,1
20111201_095406.jpg,10917,0
20111201_182406.jpg,10917,1
20111201_202406.jpg,10917,1
20111201_235407.jpg,10917,1
20111202_105406.jpg,10917,0
20111202_112459.jpg,10917,0
20111202_182405.jpg,10917,1
20111202_195405.jpg,10917,1
20111202_212406.jpg,10917,1
20111203_102406.jpg,10917,0
20111203_145406.jpg,10917,0
20111203_172405.jpg,10917,1
20111203_185406.jpg,10917,1
20111203_222405.jpg,10917,1
20111204_135406.jpg,10917,0
20111204_145406.jpg,10917,0
20111204_152406.jpg,10917,0
20111204_185406.jpg,10917,1
20111204_212405.jpg,10917,1
20111205_005406.jpg,10917,1
20111205_012405.jpg,10917,1
20111205_112407.jpg,10917,0
20111205_125406.jpg,10917,0
20111205_182406.jpg,10917,1
20111206_122406.jpg,10917,0
20111206_152406.jpg,10917,0
20111206_172405.jpg,10917,1
20111206_212406.jpg,10917,1
20111206_215405.jpg,10917,1
20111207_122406.jpg,10917,0
20111207_135406.jpg,10917,0
20111207_205406.jpg,10917,1
20111207_225407.jpg,10917,1
20111207_235406.jpg,10917,1
20111208_002406.jpg,10917,1
20111208_115406.jpg,10917,0
20111208_155405.jpg,10917,0
20111208_165405.jpg,10917,1
20111208_182405.jpg,10917,1
20111209_002406.jpg,10917,1
20111209_012405.jpg,10917,1
20111209_095405.jpg,10917,0
20111209_162406.jpg,10917,1
20111209_212406.jpg,10917,1
20111210_002406.jpg,10917,1
20111210_095405.jpg,10917,0
20111210_195406.jpg,10917,1
20111210_215406.jpg,10917,1
20111210_222405.jpg,10917,1
20111211_002406.jpg,10917,1
20111211_102408.jpg,10917,0
20111211_162406.jpg,10917,1
20111211_175406.jpg,10917,1
20111211_235405.jpg,10917,1
20111212_132407.jpg,10917,0
20111212_135405.jpg,10917,0
20111212_165406.jpg,10917,1
20111212_212405.jpg,10917,1
20111212_222406.jpg,10917,1
20111213_095405.jpg,10917,0
20111213_115408.jpg,10917,0
20111213_145407.jpg,10917,0
20111213_162406.jpg,10917,1
20111213_225407.jpg,10917,1
20111214_012409.jpg,10917,1
20111214_015407.jpg,10917,1
20111214_172408.jpg,10917,1
20111214_175407.jpg,10917,1
20111214_182409.jpg,10917,1
20111215_095406.jpg,10917,0
20111215_132406.jpg,10917,0
20111215_172407.jpg,10917,1
20111215_212406.jpg,10917,1
20111215_225406.jpg,10917,1
20111216_102405.jpg,10917,0
20111216_132408.jpg,10917,0
20111216_145408.jpg,10917,0
20111216_182406.jpg,10917,1
20111216_185408.jpg,10917,1
20111217_092406.jpg,10917,0
20111217_102406.jpg,10917,0
20111217_165407.jpg,10917,1
20111217_172407.jpg,10917,1
20111217_225406.jpg,10917,1
20111218_112407.jpg,10917,0
20111218_135408.jpg,10917,0
20111218_142410.jpg,10917,0
20111218_202408.jpg,10917,1
20111218_232411.jpg,10917,1
20111219_005407.jpg,10917,1
20111219_112408.jpg,10917,0
20111219_142406.jpg,10917,0
20111219_182407.jpg,10917,1
20111219_225454.jpg,10917,1
20111220_085508.jpg,10917,0
20111220_092406.jpg,10917,0
20111220_125407.jpg,10917,0
20111220_185407.jpg,10917,1
20111220_222406.jpg,10917,1
20111221_095413.jpg,10917,0
20111221_102408.jpg,10917,0
20111221_132407.jpg,10917,0
20111221_152409.jpg,10917,0
20111221_182407.jpg,10917,1
20111222_132407.jpg,10917,0
20111222_145408.jpg,10917,0
20111222_155406.jpg,10917,1
20111222_185408.jpg,10917,1
20111222_235405.jpg,10917,1
20111223_122506.jpg,10917,0
20111223_185407.jpg,10917,1
20111223_195408.jpg,10917,1
20111223_225407.jpg,10917,1
20111223_232509.jpg,10917,1
20111224_095406.jpg,10917,0
20111224_125408.jpg,10917,0
20111224_162408.jpg,10917,1
20111224_212408.jpg,10917,1
20111224_225408.jpg,10917,1
20111225_112408.jpg,10917,0
20111225_125408.jpg,10917,0
20111225_152409.jpg,10917,0
20111225_182409.jpg,10917,1
20111225_222406.jpg,10917,1
20111226_002406.jpg,10917,1
20111226_102414.jpg,10917,0
20111226_162409.jpg,10917,1
20111226_195407.jpg,10917,1
20111226_202409.jpg,10917,1
20111227_162408.jpg,10917,1
20111227_172410.jpg,10917,1
20111227_202408.jpg,10917,1
20111227_232408.jpg,10917,1
20111227_235450.jpg,10917,1
20111228_095406.jpg,10917,0
20111228_115409.jpg,10917,0
20111228_202409.jpg,10917,1
20111228_212409.jpg,10917,1
20111228_222408.jpg,10917,1
20111229_005410.jpg,10917,1
20111229_122410.jpg,10917,0
20111229_142411.jpg,10917,0
20111229_155414.jpg,10917,0
20111229_165408.jpg,10917,1
20111230_085405.jpg,10917,0
20111230_092406.jpg,10917,0
20111230_142408.jpg,10917,0
20111230_205409.jpg,10917,1
20111230_235409.jpg,10917,1
20111231_002409.jpg,10917,1
20111231_085405.jpg,10917,0
20111231_125411.jpg,10917,0
20111231_182414.jpg,10917,1
20111231_222409.jpg,10917,1
20120101_125405.jpg,10917,0
20120101_135406.jpg,10917,0
20120101_155406.jpg,10917,0
20120101_205407.jpg,10917,1
20120101_212410.jpg,10917,1
20120102_002407.jpg,10917,1
20120102_092405.jpg,10917,0
20120102_175407.jpg,10917,1
20120102_202405.jpg,10917,1
20120102_235406.jpg,10917,1
20120103_175406.jpg,10917,1
20120103_182407.jpg,10917,1
20120103_192406.jpg,10917,1
20120103_202405.jpg,10917,1
20120103_212405.jpg,10917,1
20120104_002405.jpg,10917,1
20120104_102405.jpg,10917,0
20120104_135405.jpg,10917,0
20120104_142405.jpg,10917,0
20120104_235407.jpg,10917,1
20120105_095406.jpg,10917,0
20120105_115410.jpg,10917,0
20120105_122435.jpg,10917,0
20120105_172405.jpg,10917,1
20120105_235407.jpg,10917,1
20120106_142407.jpg,10917,0
20120106_172407.jpg,10917,1
20120106_202406.jpg,10917,1
20120106_205408.jpg,10917,1
20120106_225406.jpg,10917,1
20120107_102405.jpg,10917,0
20120107_152407.jpg,10917,0
20120107_155407.jpg,10917,0
20120107_192407.jpg,10917,1
20120107_235407.jpg,10917,1
20120108_115406.jpg,10917,0
20120108_125405.jpg,10917,0
20120108_132406.jpg,10917,0
20120108_142406.jpg,10917,0
20120108_215406.jpg,10917,1
20120109_005406.jpg,10917,1
20120109_115406.jpg,10917,0
20120109_175406.jpg,10917,1
20120109_182437.jpg,10917,1
20120109_205408.jpg,10917,1
20120110_095405.jpg,10917,0
20120110_102406.jpg,10917,0
20120110_132410.jpg,10917,0
20120110_185405.jpg,10917,1
20120110_212406.jpg,10917,1
20120111_005405.jpg,10917,1
20120111_092405.jpg,10917,0
20120111_125406.jpg,10917,0
20120111_132430.jpg,10917,0
20120111_212406.jpg,10917,1
20120112_092406.jpg,10917,0
20120112_125407.jpg,10917,0
20120112_165407.jpg,10917,1
20120112_182405.jpg,10917,1
20120112_212405.jpg,10917,1
20120113_122427.jpg,10917,0
20120113_192405.jpg,10917,0
20120113_202406.jpg,10917,1
20120113_215406.jpg,10917,1
20120113_225407.jpg,10917,1
20120114_132408.jpg,10917,0
20120114_152407.jpg,10917,0
20120114_182405.jpg,10917,1
20120114_225407.jpg,10917,1
20120114_235409.jpg,10917,1
20120115_005411.jpg,10917,1
20120115_105406.jpg,10917,0
20120115_125406.jpg,10917,0
20120115_175405.jpg,10917,1
20120115_212406.jpg,10917,1
20120116_115407.jpg,10917,0
20120116_145406.jpg,10917,0
20120116_195406.jpg,10917,1
20120116_222405.jpg,10917,1
20120116_225407.jpg,10917,1
20120117_112405.jpg,10917,0
20120117_152406.jpg,10917,0
20120117_155407.jpg,10917,0
20120117_205405.jpg,10917,1
20120117_232406.jpg,10917,1
20120118_102405.jpg,10917,0
20120118_125407.jpg,10917,0
20120118_132407.jpg,10917,0
20120118_175410.jpg,10917,1
20120118_192407.jpg,10917,1
20120119_152407.jpg,10917,0
20120119_172407.jpg,10917,1
20120119_192405.jpg,10917,1
20120119_195406.jpg,10917,1
20120119_212407.jpg,10917,1
20120120_112407.jpg,10917,0
20120120_172408.jpg,10917,1
20120120_175407.jpg,10917,1
20120120_215406.jpg,10917,1
20120120_222407.jpg,10917,1
20120121_002406.jpg,10917,1
20120121_085406.jpg,10917,0
20120121_095406.jpg,10917,0
20120121_105406.jpg,10917,0
20120121_185408.jpg,10917,1
20120122_055405.jpg,10917,1
20120122_142407.jpg,10917,0
20120122_162407.jpg,10917,0
20120122_172407.jpg,10917,1
20120122_205407.jpg,10917,1
20120123_092406.jpg,10917,0
20120123_102406.jpg,10917,0
20120123_125408.jpg,10917,0
20120123_145408.jpg,10917,0
20120123_195408.jpg,10917,1
20120124_052407.jpg,10917,1
20120124_115408.jpg,10917,0
20120124_132407.jpg,10917,0
20120124_135406.jpg,10917,0
20120124_212409.jpg,10917,1
20120125_065407.jpg,10917,0
20120125_072408.jpg,10917,0
20120125_105405.jpg,10917,0
20120125_165408.jpg,10917,1
20120125_205410.jpg,10917,1
20120126_062408.jpg,10917,1
20120126_092408.jpg,10917,0
20120126_095411.jpg,10917,0
20120126_145412.jpg,10917,0
20120126_185406.jpg,10917,1
20120127_102408.jpg,10917,0
20120127_172407.jpg,10917,1
20120127_195408.jpg,10917,1
20120127_202409.jpg,10917,1
20120127_212426.jpg,10917,1
20120128_015407.jpg,10917,1
20120128_132406.jpg,10917,0
20120128_192407.jpg,10917,1
20120128_195408.jpg,10917,1
20120128_235415.jpg,10917,1
20120129_002409.jpg,10917,1
20120129_115407.jpg,10917,0
20120129_145407.jpg,10917,0
20120129_152408.jpg,10917,0
20120129_175407.jpg,10917,1
20120130_112415.jpg,10917,0
20120130_195407.jpg,10917,1
20120130_212408.jpg,10917,1
20120130_215406.jpg,10917,1
20120130_232406.jpg,10917,1
20120131_102409.jpg,10917,0
20120131_142408.jpg,10917,0
20120131_155408.jpg,10917,0
20120131_182408.jpg,10917,1
20120131_185410.jpg,10917,1
20120201_002406.jpg,10917,1
20120201_122406.jpg,10917,0
20120201_195406.jpg,10917,1
20120201_202405.jpg,10917,1
20120201_212407.jpg,10917,1
20120202_115412.jpg,10917,0
20120202_132408.jpg,10917,0
20120202_172407.jpg,10917,1
20120202_175406.jpg,10917,1
20120202_235406.jpg,10917,1
20120203_015408.jpg,10917,1
20120203_112416.jpg,10917,0
20120203_145406.jpg,10917,0
20120203_182406.jpg,10917,1
20120203_192406.jpg,10917,1
20120204_012405.jpg,10917,1
20120204_105406.jpg,10917,0
20120204_125406.jpg,10917,0
20120204_155406.jpg,10917,0
20120204_215406.jpg,10917,1
20120205_012405.jpg,10917,1
20120205_122405.jpg,10917,0
20120205_152406.jpg,10917,0
20120205_172406.jpg,10917,1
20120205_212405.jpg,10917,1
20120206_012405.jpg,10917,1
20120206_162406.jpg,10917,0
20120206_175405.jpg,10917,1
20120206_182405.jpg,10917,1
20120206_185405.jpg,10917,1
20120207_002406.jpg,10917,1
20120207_012406.jpg,10917,1
20120207_015406.jpg,10917,1
20120207_165405.jpg,10917,0
20120207_195406.jpg,10917,1
20120208_005406.jpg,10917,1
20120208_012405.jpg,10917,1
20120208_105406.jpg,10917,0
20120208_125406.jpg,10917,0
20120208_195406.jpg,10917,1
20120209_125406.jpg,10917,0
20120209_145406.jpg,10917,0
20120209_152405.jpg,10917,0
20120209_192412.jpg,10917,1
20120209_225406.jpg,10917,1
20120210_102406.jpg,10917,0
20120210_125406.jpg,10917,1
20120210_195406.jpg,10917,1
20120210_202405.jpg,10917,1
20120210_205406.jpg,10917,1
20120211_015406.jpg,10917,1
20120211_125405.jpg,10917,0
20120211_155406.jpg,10917,0
20120211_195405.jpg,10917,1
20120211_222405.jpg,10917,1
20120212_102406.jpg,10917,0
20120212_135405.jpg,10917,0
20120212_155405.jpg,10917,0
20120212_165406.jpg,10917,0
20120212_222406.jpg,10917,1
20120213_105405.jpg,10917,0
20120213_125405.jpg,10917,0
20120213_165405.jpg,10917,0
20120213_182405.jpg,10917,1
20120213_205406.jpg,10917,1
20120214_112406.jpg,10917,0
20120214_125407.jpg,10917,0
20120214_155406.jpg,10917,0
20120214_225406.jpg,10917,1
20120214_232406.jpg,10917,1
20120215_005405.jpg,10917,1
20120215_105405.jpg,10917,0
20120215_182405.jpg,10917,1
20120215_215413.jpg,10917,1
20120215_225406.jpg,10917,1
20120216_002406.jpg,10917,1
20120216_102405.jpg,10917,0
20120216_135405.jpg,10917,0
20120216_155405.jpg,10917,0
20120216_175405.jpg,10917,1
20120217_152405.jpg,10917,0
20120217_165406.jpg,10917,0
20120217_192406.jpg,10917,1
20120217_212406.jpg,10917,1
20120217_215405.jpg,10917,1
20120218_105405.jpg,10917,0
20120218_212406.jpg,10917,1
20120218_215405.jpg,10917,1
20120218_222405.jpg,10917,1
20120218_225406.jpg,10917,1
20120219_015406.jpg,10917,1
20120219_102406.jpg,10917,0
20120219_152405.jpg,10917,0
20120219_165406.jpg,10917,0
20120219_205405.jpg,10917,1
20120220_115405.jpg,10917,0
20120220_145406.jpg,10917,0
20120220_155406.jpg,10917,0
20120220_172407.jpg,10917,0
20120220_202405.jpg,10917,1
20120221_152405.jpg,10917,0
20120221_155406.jpg,10917,0
20120221_165405.jpg,10917,0
20120221_182405.jpg,10917,1
20120221_195406.jpg,10917,1
20120222_002413.jpg,10917,1
20120222_165405.jpg,10917,0
20120222_182406.jpg,10917,1
20120222_205406.jpg,10917,1
20120222_235406.jpg,10917,1
20120223_115405.jpg,10917,0
20120223_132406.jpg,10917,0
20120223_145406.jpg,10917,0
20120223_185405.jpg,10917,1
20120223_195405.jpg,10917,1
20120224_135406.jpg,10917,0
20120224_155406.jpg,10917,0
20120224_162406.jpg,10917,0
20120224_202406.jpg,10917,1
20120224_222405.jpg,10917,1
20120225_122406.jpg,10917,0
20120225_152406.jpg,10917,0
20120225_155406.jpg,10917,0
20120225_205405.jpg,10917,1
20120225_212406.jpg,10917,1
20120226_002405.jpg,10917,1
20120226_112406.jpg,10917,0
20120226_135407.jpg,10917,0
20120226_165406.jpg,10917,0
20120226_212407.jpg,10917,1
20120227_015405.jpg,10917,1
20120227_165407.jpg,10917,0
20120227_182405.jpg,10917,1
20120227_222405.jpg,10917,1
20120227_232406.jpg,10917,1
20120228_142405.jpg,10917,0
20120228_182405.jpg,10917,1
20120228_195406.jpg,10917,1
20120228_215407.jpg,10917,1
20120228_235406.jpg,10917,1
20120229_002406.jpg,10917,1
20120229_105406.jpg,10917,0
20120229_125405.jpg,10917,0
20120229_142406.jpg,10917,0
20120229_162405.jpg,10917,0
20120301_112406.jpg,10917,0
20120301_115405.jpg,10917,0
20120301_142406.jpg,10917,0
20120301_165406.jpg,10917,0
20120301_215405.jpg,10917,1
20120302_002405.jpg,10917,1
20120302_005405.jpg,10917,1
20120302_122406.jpg,10917,0
20120302_172406.jpg,10917,0
20120302_175405.jpg,10917,1
20120303_125405.jpg,10917,0
20120303_142405.jpg,10917,0
20120303_155406.jpg,10917,0
20120303_165405.jpg,10917,0
20120303_175405.jpg,10917,1
20120304_065405.jpg,10917,0
20120304_092406.jpg,10917,0
20120304_132406.jpg,10917,0
20120304_185406.jpg,10917,1
20120304_212406.jpg,10917,1
20120305_065405.jpg,10917,0
20120305_072406.jpg,10917,0
20120305_112406.jpg,10917,0
20120305_125406.jpg,10917,0
20120305_192405.jpg,10917,1
20120306_072406.jpg,10917,0
20120306_115405.jpg,10917,0
20120306_155405.jpg,10917,0
20120306_172406.jpg,10917,0
20120306_192405.jpg,10917,1
20120307_085406.jpg,10917,0
20120307_105406.jpg,10917,0
20120307_132406.jpg,10917,0
20120307_182406.jpg,10917,1
20120307_215406.jpg,10917,1
20120308_125406.jpg,10917,0
20120308_152406.jpg,10917,0
20120308_175405.jpg,10917,1
20120308_192406.jpg,10917,1
20120308_195405.jpg,10917,1
20120309_082406.jpg,10917,0
20120309_132406.jpg,10917,0
20120309_145406.jpg,10917,0
20120309_182405.jpg,10917,1
20120309_212433.jpg,10917,1
20120310_065405.jpg,10917,0
20120310_072406.jpg,10917,0
20120310_152405.jpg,10917,0
20120310_162406.jpg,10917,0
20120310_192406.jpg,10917,1
20120311_085406.jpg,10917,0
20120311_102406.jpg,10917,0
20120311_162405.jpg,10917,0
20120311_182405.jpg,10917,1
20120311_215406.jpg,10917,1
20120312_075406.jpg,10917,0
20120312_082406.jpg,10917,0
20120312_092405.jpg,10917,0
20120312_105406.jpg,10917,0
20120312_172406.jpg,10917,0
20120313_065406.jpg,10917,0
20120313_105406.jpg,10917,0
20120313_115405.jpg,10917,0
20120313_142406.jpg,10917,0
20120313_175405.jpg,10917,0
20120314_085405.jpg,10917,0
20120314_132405.jpg,10917,0
20120314_142406.jpg,10917,0
20120314_152406.jpg,10917,0
20120314_162406.jpg,10917,0
20120315_092406.jpg,10917,0
20120315_122405.jpg,10917,0
20120315_132406.jpg,10917,0
20120315_135406.jpg,10917,0
20120315_172405.jpg,10917,0
20120316_075406.jpg,10917,0
20120316_105405.jpg,10917,0
20120316_142406.jpg,10917,0
20120316_175406.jpg,10917,0
20120316_185405.jpg,10917,1
20120317_125405.jpg,10917,0
20120317_175405.jpg,10917,0
20120317_182406.jpg,10917,1
20120317_212406.jpg,10917,1
20120317_215405.jpg,10917,1
20120318_072405.jpg,10917,0
20120318_092407.jpg,10917,0
20120318_145405.jpg,10917,0
20120318_152406.jpg,10917,0
20120318_165406.jpg,10917,0
20120319_075406.jpg,10917,0
20120319_155406.jpg,10917,0
20120319_165405.jpg,10917,0
20120319_172406.jpg,10917,0
20120319_202406.jpg,10917,1
20120320_095406.jpg,10917,0
20120320_115405.jpg,10917,0
20120320_125406.jpg,10917,0
20120320_165405.jpg,10917,0
20120320_205405.jpg,10917,1
20120321_102405.jpg,10917,0
20120321_115405.jpg,10917,0
20120321_152405.jpg,10917,0
20120321_162405.jpg,10917,0
20120321_172405.jpg,10917,0
20120322_135405.jpg,10917,0
20120322_155405.jpg,10917,0
20120322_165406.jpg,10917,0
20120322_182405.jpg,10917,1
20120322_212406.jpg,10917,1
20120323_062405.jpg,10917,0
20120323_072406.jpg,10917,0
20120323_115406.jpg,10917,0
20120323_185405.jpg,10917,1
20120323_205405.jpg,10917,1
20120324_082406.jpg,10917,0
20120324_142405.jpg,10917,0
20120324_162406.jpg,10917,0
20120324_185405.jpg,10917,1
20120324_202409.jpg,10917,1
20120325_065405.jpg,10917,0
20120325_105405.jpg,10917,0
20120325_122405.jpg,10917,0
20120325_132414.jpg,10917,0
20120325_175406.jpg,10917,0
20120326_085406.jpg,10917,0
20120326_122405.jpg,10917,0
20120326_152407.jpg,10917,0
20120326_175406.jpg,10917,0
20120326_182406.jpg,10917,1
20120327_102406.jpg,10917,0
20120327_132405.jpg,10917,0
20120327_172413.jpg,10917,0
20120327_195406.jpg,10917,1
20120327_202502.jpg,10917,1
20120328_112424.jpg,10917,0
20120328_135422.jpg,10917,0
20120328_155423.jpg,10917,0
20120328_162426.jpg,10917,0
20120328_205428.jpg,10917,1
20120329_052422.jpg,10917,0
20120329_072430.jpg,10917,0
20120329_155453.jpg,10917,0
20120329_165506.jpg,10917,0
20120329_172506.jpg,10917,0
20120330_072432.jpg,10917,0
20120330_085445.jpg,10917,0
20120330_125413.jpg,10917,0
20120330_135419.jpg,10917,0
20120330_212411.jpg,10917,1
20120331_055432.jpg,10917,0
20120331_132447.jpg,10917,0
20120331_135449.jpg,10917,0
20120331_155414.jpg,10917,0
20120331_172436.jpg,10917,0
20120401_095407.jpg,10917,0
20120401_102407.jpg,10917,0
20120401_112405.jpg,10917,0
20120401_115406.jpg,10917,0
20120401_145447.jpg,10917,0
20120402_065407.jpg,10917,0
20120402_085414.jpg,10917,0
20120402_102407.jpg,10917,0
20120402_105407.jpg,10917,0
20120402_205407.jpg,10917,1
20120403_102407.jpg,10917,0
20120403_162407.jpg,10917,0
20120403_165406.jpg,10917,0
20120403_175407.jpg,10917,0
20120403_195407.jpg,10917,1
20120404_062407.jpg,10917,0
20120404_085406.jpg,10917,0
20120404_102406.jpg,10917,0
20120404_135407.jpg,10917,0
20120404_202407.jpg,10917,1
20120405_072407.jpg,10917,0
20120405_102407.jpg,10917,0
20120405_125407.jpg,10917,0
20120405_152406.jpg,10917,0
20120405_162406.jpg,10917,0
20120406_062406.jpg,10917,0
20120406_142406.jpg,10917,0
20120406_145406.jpg,10917,0
20120406_172406.jpg,10917,0
20120406_202406.jpg,10917,1
20120407_085407.jpg,10917,0
20120407_102406.jpg,10917,0
20120407_115406.jpg,10917,0
20120407_172407.jpg,10917,0
20120407_202406.jpg,10917,1
20120408_072407.jpg,10917,0
20120408_105406.jpg,10917,0
20120408_145407.jpg,10917,0
20120408_165407.jpg,10917,0
20120408_175406.jpg,10917,0
20120409_105406.jpg,10917,0
20120409_115407.jpg,10917,0
20120409_132406.jpg,10917,0
20120409_162407.jpg,10917,0
20120409_175406.jpg,10917,0
20120410_065406.jpg,10917,0
20120410_095407.jpg,10917,0
20120410_135407.jpg,10917,0
20120410_142407.jpg,10917,0
20120410_185406.jpg,10917,1
20120411_062406.jpg,10917,0
20120411_072406.jpg,10917,0
20120411_095406.jpg,10917,0
20120411_145407.jpg,10917,0
20120411_192407.jpg,10917,1
20120412_072407.jpg,10917,0
20120412_132409.jpg,10917,0
20120412_135407.jpg,10917,0
20120412_145451.jpg,10917,0
20120412_182407.jpg,10917,0
20120413_065406.jpg,10917,0
20120413_115407.jpg,10917,0
20120413_132406.jpg,10917,0
20120413_185406.jpg,10917,1
20120413_195406.jpg,10917,1
20120414_102407.jpg,10917,0
20120414_142406.jpg,10917,0
20120414_172407.jpg,10917,0
20120414_192407.jpg,10917,1
20120414_202407.jpg,10917,1
20120415_052407.jpg,10917,0
20120415_072406.jpg,10917,0
20120415_092407.jpg,10917,0
20120415_095406.jpg,10917,0
20120415_122405.jpg,10917,0
20120416_075405.jpg,10917,0
20120416_082407.jpg,10917,0
20120416_142406.jpg,10917,0
20120416_152406.jpg,10917,0
20120416_182407.jpg,10917,0
20120417_092406.jpg,10917,0
20120417_115407.jpg,10917,0
20120417_122408.jpg,10917,0
20120417_175406.jpg,10917,0
20120417_192407.jpg,10917,1
20120418_052406.jpg,10917,0
20120418_055406.jpg,10917,0
20120418_062406.jpg,10917,0
20120418_075406.jpg,10917,0
20120418_082408.jpg,10917,0
20120419_052409.jpg,10917,0
20120419_062505.jpg,10917,0
20120419_155408.jpg,10917,0
20120419_162423.jpg,10917,0
20120419_175434.jpg,10917,0
20120420_052406.jpg,10917,0
20120420_085409.jpg,10917,0
20120420_122407.jpg,10917,0
20120420_162406.jpg,10917,0
20120420_192410.jpg,10917,1
20120421_052424.jpg,10917,0
20120421_062412.jpg,10917,0
20120421_095427.jpg,10917,0
20120421_172457.jpg,10917,0
20120421_195405.jpg,10917,1
20120422_052456.jpg,10917,0
20120422_075407.jpg,10917,0
20120422_105407.jpg,10917,0
20120422_145454.jpg,10917,0
20120422_192439.jpg,10917,1
20120423_095500.jpg,10917,0
20120423_112433.jpg,10917,0
20120423_125421.jpg,10917,0
20120423_155411.jpg,10917,0
20120423_185408.jpg,10917,0
20120424_055412.jpg,10917,0
20120424_102419.jpg,10917,0
20120424_112437.jpg,10917,0
20120424_132434.jpg,10917,0
20120424_152438.jpg,10917,0
20120425_052407.jpg,10917,0
20120425_072421.jpg,10917,0
20120425_082425.jpg,10917,0
20120425_092422.jpg,10917,0
20120425_165432.jpg,10917,0
20120426_062425.jpg,10917,0
20120426_105430.jpg,10917,0
20120426_115433.jpg,10917,0
20120426_122433.jpg,10917,0
20120426_165446.jpg,10917,0
20120427_075440.jpg,10917,0
20120427_102500.jpg,10917,0
20120427_105503.jpg,10917,0
20120427_155435.jpg,10917,0
20120427_182445.jpg,10917,0
20120428_075420.jpg,10917,0
20120428_085434.jpg,10917,0
20120428_102450.jpg,10917,0
20120428_112501.jpg,10917,0
20120428_132413.jpg,10917,0
20120430_202428.jpg,10917,1
20120430_212414.jpg,10917,1
20120501_075500.jpg,10917,0
20120501_095409.jpg,10917,0
20120501_122406.jpg,10917,0
20120501_132406.jpg,10917,0
20120501_162421.jpg,10917,0
20120502_082406.jpg,10917,0
20120502_125406.jpg,10917,0
20120502_162406.jpg,10917,0
20120502_172406.jpg,10917,0
20120502_185408.jpg,10917,0
20120503_085407.jpg,10917,0
20120503_172407.jpg,10917,0
20120503_182406.jpg,10917,0
20120503_202407.jpg,10917,1
20120503_205406.jpg,10917,1
20120504_075407.jpg,10917,0
20120504_155407.jpg,10917,0
20120504_172407.jpg,10917,0
20120504_202408.jpg,10917,1
20120504_205408.jpg,10917,1
20120505_075406.jpg,10917,0
20120505_112406.jpg,10917,0
20120505_142406.jpg,10917,0
20120505_145406.jpg,10917,0
20120505_165407.jpg,10917,0
20120506_062408.jpg,10917,0
20120506_065406.jpg,10917,0
20120506_095407.jpg,10917,0
20120506_142407.jpg,10917,0
20120506_185407.jpg,10917,0
20120507_082408.jpg,10917,0
20120507_112408.jpg,10917,0
20120507_152406.jpg,10917,0
20120507_155406.jpg,10917,0
20120507_185456.jpg,10917,0
20120508_102405.jpg,10917,0
20120508_122406.jpg,10917,0
20120508_172409.jpg,10917,0
20120508_175424.jpg,10917,0
20120508_205503.jpg,10917,1
20120509_052406.jpg,10917,0
20120509_132428.jpg,10917,0
20120509_155418.jpg,10917,0
20120509_185407.jpg,10917,0
20120509_205434.jpg,10917,1
20120510_102406.jpg,10917,0
20120510_152406.jpg,10917,0
20120510_165408.jpg,10917,0
20120510_182407.jpg,10917,0
20120510_195406.jpg,10917,1
20120511_062406.jpg,10917,0
20120511_105407.jpg,10917,0
20120511_112407.jpg,10917,0
20120511_135408.jpg,10917,0
20120511_172407.jpg,10917,0
20120512_065406.jpg,10917,0
20120512_085407.jpg,10917,0
20120512_165409.jpg,10917,0
20120512_192407.jpg,10917,0
20120512_205406.jpg,10917,1
20120513_065406.jpg,10917,0
20120513_085406.jpg,10917,0
20120513_122409.jpg,10917,0
20120513_145408.jpg,10917,0
20120513_202406.jpg,10917,1
20120514_072406.jpg,10917,0
20120514_152407.jpg,10917,0
20120514_172407.jpg,10917,0
20120514_185407.jpg,10917,0
20120514_205408.jpg,10917,1
20120515_065406.jpg,10917,0
20120515_072407.jpg,10917,0
20120515_095408.jpg,10917,0
20120515_102408.jpg,10917,0
20120515_125411.jpg,10917,0
20120516_062408.jpg,10917,0
20120516_085409.jpg,10917,0
20120516_102408.jpg,10917,0
20120516_122407.jpg,10917,0
20120516_132407.jpg,10917,0
20120517_055408.jpg,10917,0
20120517_082408.jpg,10917,0
20120517_105407.jpg,10917,0
20120517_115411.jpg,10917,0
20120517_142409.jpg,10917,0
20120518_052411.jpg,10917,0
20120518_062411.jpg,10917,0
20120518_082415.jpg,10917,0
20120518_182406.jpg,10917,0
20120518_192409.jpg,10917,0
20120519_062411.jpg,10917,0
20120519_072412.jpg,10917,0
20120519_152430.jpg,10917,0
20120519_162429.jpg,10917,0
20120519_195427.jpg,10917,1
20120520_065419.jpg,10917,0
20120520_092417.jpg,10917,0
20120520_105420.jpg,10917,0
20120520_145449.jpg,10917,0
20120520_185428.jpg,10917,0
20120521_055412.jpg,10917,0
20120521_085422.jpg,10917,0
20120521_105436.jpg,10917,0
20120521_135453.jpg,10917,0
20120521_155507.jpg,10917,0
20120522_052445.jpg,10917,0
20120522_085441.jpg,10917,0
20120522_105443.jpg,10917,0
20120522_112442.jpg,10917,0
20120522_175432.jpg,10917,0
20120523_052433.jpg,10917,0
20120523_085411.jpg,10917,0
20120523_165506.jpg,10917,0
20120523_175409.jpg,10917,0
20120523_192408.jpg,10917,0
20120524_125443.jpg,10917,0
20120524_132442.jpg,10917,0
20120524_135443.jpg,10917,0
20120524_142441.jpg,10917,0
20120524_202429.jpg,10917,1
20120525_102453.jpg,10917,0
20120525_145500.jpg,10917,0
20120525_155412.jpg,10917,0
20120525_162420.jpg,10917,0
20120525_165431.jpg,10917,0
20120526_075451.jpg,10917,0
20120526_082459.jpg,10917,0
20120526_105437.jpg,10917,0
20120526_122457.jpg,10917,0
20120526_185425.jpg,10917,0
20120527_065456.jpg,10917,0
20120527_085417.jpg,10917,0
20120527_112505.jpg,10917,0
20120527_172426.jpg,10917,0
20120527_182442.jpg,10917,0
20120528_052452.jpg,10917,0
20120528_092500.jpg,10917,0
20120528_122449.jpg,10917,0
20120528_125458.jpg,10917,0
20120528_135412.jpg,10917,0
20120529_062413.jpg,10917,0
20120529_072438.jpg,10917,0
20120529_125438.jpg,10917,0
20120529_172459.jpg,10917,0
20120529_185430.jpg,10917,0
20120530_055437.jpg,10917,0
20120530_102450.jpg,10917,0
20120530_105504.jpg,10917,0
20120530_152459.jpg,10917,0
20120530_165430.jpg,10917,0
20120531_062425.jpg,10917,0
20120531_115411.jpg,10917,0
20120531_172422.jpg,10917,0
20120531_195515.jpg,10917,1
20120531_215420.jpg,10917,1
20120601_055408.jpg,10917,0
20120601_095407.jpg,10917,0
20120601_112406.jpg,10917,0
20120601_115406.jpg,10917,0
20120601_132408.jpg,10917,0
20120602_062408.jpg,10917,0
20120602_085409.jpg,10917,0
20120602_115407.jpg,10917,0
20120602_152408.jpg,10917,0
20120602_195408.jpg,10917,1
20120603_072408.jpg,10917,0
20120603_075407.jpg,10917,0
20120603_125408.jpg,10917,0
20120603_172406.jpg,10917,0
20120603_185409.jpg,10917,0
20120604_052408.jpg,10917,0
20120604_125407.jpg,10917,0
20120604_135406.jpg,10917,0
20120604_155406.jpg,10917,0
20120604_162408.jpg,10917,0
20120605_115408.jpg,10917,0
20120605_135406.jpg,10917,0
20120605_162406.jpg,10917,0
20120605_195408.jpg,10917,0
20120605_202408.jpg,10917,1
20120606_072407.jpg,10917,0
20120606_075406.jpg,10917,0
20120606_132406.jpg,10917,0
20120606_145406.jpg,10917,0
20120606_205406.jpg,10917,1
20120607_105406.jpg,10917,0
20120607_115407.jpg,10917,0
20120607_125406.jpg,10917,0
20120607_152408.jpg,10917,0
20120607_185406.jpg,10917,0
20120608_052407.jpg,10917,0
20120608_072407.jpg,10917,0
20120608_102408.jpg,10917,0
20120608_122408.jpg,10917,0
20120608_185414.jpg,10917,0
20120609_052407.jpg,10917,0
20120609_115408.jpg,10917,0
20120609_165407.jpg,10917,0
20120609_175407.jpg,10917,0
20120609_202408.jpg,10917,1
20120610_112406.jpg,10917,0
20120610_115407.jpg,10917,0
20120610_132407.jpg,10917,0
20120610_165406.jpg,10917,0
20120610_172407.jpg,10917,0
20120611_095406.jpg,10917,0
20120611_112406.jpg,10917,0
20120611_125406.jpg,10917,0
20120611_155407.jpg,10917,0
20120611_165407.jpg,10917,0
20120612_052503.jpg,10917,0
20120612_065426.jpg,10917,0
20120612_132408.jpg,10917,0
20120612_165407.jpg,10917,0
20120612_195500.jpg,10917,0
20120613_055421.jpg,10917,0
20120613_062444.jpg,10917,0
20120613_135428.jpg,10917,0
20120613_145414.jpg,10917,0
20120613_172445.jpg,10917,0
20120614_055434.jpg,10917,0
20120614_085421.jpg,10917,0
20120614_092446.jpg,10917,0
20120614_145410.jpg,10917,0
20120614_165423.jpg,10917,0
20120615_055415.jpg,10917,0
20120615_065425.jpg,10917,0
20120615_075423.jpg,10917,0
20120615_082422.jpg,10917,0
20120615_092422.jpg,10917,0
20120616_062418.jpg,10917,0
20120616_095417.jpg,10917,0
20120616_175422.jpg,10917,0
20120616_202426.jpg,10917,1
20120616_205438.jpg,10917,1
20120617_052445.jpg,10917,0
20120617_055455.jpg,10917,0
20120617_065456.jpg,10917,0
20120617_085501.jpg,10917,0
20120617_142416.jpg,10917,0
20120618_115433.jpg,10917,0
20120618_162413.jpg,10917,0
20120618_165415.jpg,10917,0
20120618_185435.jpg,10917,0
20120618_192440.jpg,10917,0
20120619_065421.jpg,10917,0
20120619_105501.jpg,10917,0
20120619_125423.jpg,10917,0
20120619_152448.jpg,10917,0
20120619_202435.jpg,10917,1
20120620_092449.jpg,10917,0
20120620_125415.jpg,10917,0
20120620_135428.jpg,10917,0
20120620_165507.jpg,10917,0
20120620_205448.jpg,10917,1
20120621_065448.jpg,10917,0
20120621_112442.jpg,10917,0
20120621_125509.jpg,10917,0
20120621_155500.jpg,10917,0
20120621_192452.jpg,10917,0
20120622_075501.jpg,10917,0
20120622_082501.jpg,10917,0
20120622_085507.jpg,10917,0
20120622_102433.jpg,10917,0
20120622_145453.jpg,10917,0
20120623_072442.jpg,10917,0
20120623_115513.jpg,10917,0
20120623_135452.jpg,10917,0
20120623_185432.jpg,10917,0
20120623_195444.jpg,10917,0
20120624_112459.jpg,10917,0
20120624_165432.jpg,10917,0
20120624_182458.jpg,10917,0
20120624_195427.jpg,10917,0
20120624_202439.jpg,10917,1
20120625_062459.jpg,10917,0
20120625_072418.jpg,10917,0
20120625_122456.jpg,10917,0
20120625_152459.jpg,10917,0
20120625_202444.jpg,10917,1
20120626_052411.jpg,10917,0
20120626_082419.jpg,10917,0
20120626_112414.jpg,10917,0
20120626_145442.jpg,10917,0
20120626_152500.jpg,10917,0
20120627_075503.jpg,10917,0
20120627_105450.jpg,10917,0
20120627_115417.jpg,10917,0
20120627_125503.jpg,10917,0
20120627_135419.jpg,10917,0
20120628_062429.jpg,10917,0
20120628_072459.jpg,10917,0
20120628_102418.jpg,10917,0
20120628_105431.jpg,10917,0
20120628_125424.jpg,10917,0
20120629_092438.jpg,10917,0
20120629_125509.jpg,10917,0
20120629_152425.jpg,10917,0
20120629_195438.jpg,10917,0
20120629_205508.jpg,10917,1
20120630_072505.jpg,10917,0
20120630_102421.jpg,10917,0
20120630_132450.jpg,10917,0
20120630_165451.jpg,10917,0
20120630_172510.jpg,10917,0
20120701_055412.jpg,10917,0
20120701_142412.jpg,10917,0
20120701_152412.jpg,10917,0
20120701_172428.jpg,10917,0
20120701_192419.jpg,10917,0
20120702_125423.jpg,10917,0
20120702_132419.jpg,10917,0
20120702_165410.jpg,10917,0
20120702_172422.jpg,10917,0
20120702_202413.jpg,10917,1
20120703_055415.jpg,10917,0
20120703_082418.jpg,10917,0
20120703_142426.jpg,10917,0
20120703_172415.jpg,10917,0
20120703_182422.jpg,10917,0
20120704_065421.jpg,10917,0
20120704_082416.jpg,10917,0
20120704_092411.jpg,10917,0
20120704_095423.jpg,10917,0
20120704_195432.jpg,10917,0
20120705_062416.jpg,10917,0
20120705_102408.jpg,10917,0
20120705_132418.jpg,10917,0
20120705_175421.jpg,10917,0
20120705_182416.jpg,10917,0
20120706_052421.jpg,10917,0
20120706_082421.jpg,10917,0
20120706_092432.jpg,10917,0
20120706_132423.jpg,10917,0
20120706_192417.jpg,10917,0
20120707_065420.jpg,10917,0
20120707_082419.jpg,10917,0
20120707_105409.jpg,10917,0
20120707_165423.jpg,10917,0
20120707_182418.jpg,10917,0
20120708_062411.jpg,10917,0
20120708_072423.jpg,10917,0
20120708_132417.jpg,10917,0
20120708_142420.jpg,10917,0
20120708_185424.jpg,10917,0
20120709_112416.jpg,10917,0
20120709_122408.jpg,10917,0
20120709_132410.jpg,10917,0
20120709_145419.jpg,10917,0
20120709_152418.jpg,10917,0
20120710_052416.jpg,10917,0
20120710_092410.jpg,10917,0
20120710_105417.jpg,10917,0
20120710_155421.jpg,10917,0
20120710_165411.jpg,10917,0
20120711_062411.jpg,10917,0
20120711_065419.jpg,10917,0
20120711_135419.jpg,10917,0
20120711_182422.jpg,10917,0
20120711_185419.jpg,10917,0
20120712_082410.jpg,10917,0
20120712_112423.jpg,10917,0
20120712_155426.jpg,10917,0
20120712_162420.jpg,10917,0
20120712_195420.jpg,10917,0
20120713_065415.jpg,10917,0
20120713_072411.jpg,10917,0
20120713_092413.jpg,10917,0
20120713_102411.jpg,10917,0
20120713_135417.jpg,10917,0
20120806_102500.jpg,10917,0
20120806_135412.jpg,10917,0
20120806_155432.jpg,10917,0
20120806_175502.jpg,10917,0
20120806_202418.jpg,10917,1
20120807_055430.jpg,10917,0
20120807_065435.jpg,10917,0
20120807_105412.jpg,10917,0
20120807_162445.jpg,10917,0
20120807_182455.jpg,10917,0
20120808_072432.jpg,10917,0
20120808_112410.jpg,10917,0
20120808_175450.jpg,10917,0
20120808_192500.jpg,10917,0
20120808_202505.jpg,10917,1
20120809_062412.jpg,10917,0
20120809_075423.jpg,10917,0
20120809_082429.jpg,10917,0
20120809_195432.jpg,10917,1
20120809_202434.jpg,10917,1
20120810_112420.jpg,10917,0
20120810_122431.jpg,10917,0
20120810_135446.jpg,10917,0
20120810_142457.jpg,10917,0
20120810_202507.jpg,10917,1
20120811_082501.jpg,10917,0
20120811_122451.jpg,10917,0
20120811_152445.jpg,10917,0
20120811_155454.jpg,10917,0
20120811_202507.jpg,10917,1
20120812_065418.jpg,10917,0
20120812_115452.jpg,10917,0
20120812_132413.jpg,10917,0
20120812_145431.jpg,10917,0
20120812_162504.jpg,10917,0
20120813_085503.jpg,10917,0
20120813_105423.jpg,10917,0
20120813_112434.jpg,10917,0
20120813_115449.jpg,10917,0
20120813_142423.jpg,10917,0
20120814_065409.jpg,10917,0
20120814_072439.jpg,10917,0
20120814_112418.jpg,10917,0
20120814_165441.jpg,10917,0
20120814_185425.jpg,10917,0
20120815_065412.jpg,10917,0
20120815_082451.jpg,10917,0
20120815_132450.jpg,10917,0
20120815_155458.jpg,10917,0
20120815_172431.jpg,10917,0
20120816_052443.jpg,10917,0
20120816_102443.jpg,10917,0
20120816_165428.jpg,10917,0
20120816_185436.jpg,10917,0
20120816_202412.jpg,10917,1
20120817_055457.jpg,10917,0
20120817_162408.jpg,10917,0
20120817_172448.jpg,10917,0
20120817_175504.jpg,10917,0
20120817_205409.jpg,10917,1
20120818_065437.jpg,10917,0
20120818_185432.jpg,10917,0
20120818_192456.jpg,10917,1
20120818_202416.jpg,10917,1
20120818_205432.jpg,10917,1
20120819_052503.jpg,10917,0
20120819_095416.jpg,10917,0
20120819_162414.jpg,10917,0
20120819_182428.jpg,10917,0
20120819_195413.jpg,10917,1
20120820_062445.jpg,10917,0
20120820_085410.jpg,10917,0
20120820_145429.jpg,10917,0
20120820_152450.jpg,10917,0
20120820_175415.jpg,10917,0
20120821_065409.jpg,10917,0
20120821_115414.jpg,10917,0
20120821_142451.jpg,10917,0
20120821_172443.jpg,10917,0
20120821_185414.jpg,10917,0
20120822_055411.jpg,10917,0
20120822_085436.jpg,10917,0
20120822_162414.jpg,10917,0
20120822_172501.jpg,10917,0
20120822_205500.jpg,10917,1
20120823_065453.jpg,10917,0
20120823_075423.jpg,10917,0
20120823_082449.jpg,10917,0
20120823_112431.jpg,10917,0
20120823_125428.jpg,10917,0
20120824_052433.jpg,10917,0
20120824_065419.jpg,10917,0
20120824_085444.jpg,10917,0
20120824_095413.jpg,10917,0
20120824_152443.jpg,10917,0
20120825_052411.jpg,10917,0
20120825_095436.jpg,10917,0
20120825_125435.jpg,10917,0
20120825_135411.jpg,10917,0
20120825_182409.jpg,10917,0
20120826_092452.jpg,10917,0
20120826_112419.jpg,10917,0
20120826_145443.jpg,10917,0
20120826_172435.jpg,10917,0
20120826_212415.jpg,10917,1
20120827_105449.jpg,10917,0
20120827_135449.jpg,10917,0
20120827_175415.jpg,10917,0
20120827_192418.jpg,10917,1
20120827_205425.jpg,10917,1
20120828_065418.jpg,10917,0
20120828_122417.jpg,10917,0
20120828_132414.jpg,10917,0
20120828_182418.jpg,10917,0
20120828_202416.jpg,10917,1
20120829_082414.jpg,10917,0
20120829_135416.jpg,10917,0
20120829_145416.jpg,10917,0
20120829_172413.jpg,10917,0
20120829_195413.jpg,10917,1
20120830_055449.jpg,10917,0
20120830_072420.jpg,10917,0
20120830_105418.jpg,10917,0
20120830_142416.jpg,10917,0
20120830_165422.jpg,10917,0
20120831_065418.jpg,10917,0
20120831_102422.jpg,10917,0
20120831_162412.jpg,10917,0
20120831_185417.jpg,10917,1
20120831_192418.jpg,10917,1
20120901_065423.jpg,10917,0
20120901_092413.jpg,10917,0
20120901_125417.jpg,10917,0
20120901_132417.jpg,10917,0
20120901_192412.jpg,10917,1
20120902_072416.jpg,10917,0
20120902_092422.jpg,10917,0
20120902_105414.jpg,10917,0
20120902_182419.jpg,10917,0
20120902_205418.jpg,10917,1
20120903_052414.jpg,10917,0
20120903_062417.jpg,10917,0
20120903_065416.jpg,10917,0
20120903_082416.jpg,10917,0
20120903_195414.jpg,10917,1
20120904_092416.jpg,10917,0
20120904_112419.jpg,10917,0
20120904_122414.jpg,10917,0
20120904_155413.jpg,10917,0
20120904_172416.jpg,10917,0
20120905_055417.jpg,10917,0
20120905_082417.jpg,10917,0
20120905_092417.jpg,10917,0
20120905_095412.jpg,10917,0
20120905_185420.jpg,10917,1
20120906_055414.jpg,10917,0
20120906_075417.jpg,10917,0
20120906_102410.jpg,10917,0
20120906_122418.jpg,10917,0
20120906_202412.jpg,10917,1
20120907_095414.jpg,10917,0
20120907_102417.jpg,10917,0
20120907_112419.jpg,10917,0
20120907_115421.jpg,10917,0
20120907_142420.jpg,10917,0
20120910_055417.jpg,10917,0
20120910_085417.jpg,10917,0
20120910_092416.jpg,10917,0
20120910_095419.jpg,10917,0
20120910_112413.jpg,10917,0
20120919_092419.jpg,10917,0
20120919_105421.jpg,10917,0
20120919_112413.jpg,10917,0
20120919_115424.jpg,10917,0
20120919_142421.jpg,10917,0
20120920_062415.jpg,10917,0
20120920_095421.jpg,10917,0
20120920_112419.jpg,10917,0
20120920_155420.jpg,10917,0
20120920_162418.jpg,10917,0
20120921_052418.jpg,10917,0
20120921_085415.jpg,10917,0
20120921_132418.jpg,10917,0
20120921_175423.jpg,10917,1
20120921_202417.jpg,10917,1
20120922_085416.jpg,10917,0
20120922_115418.jpg,10917,0
20120922_182411.jpg,10917,1
20120922_202417.jpg,10917,1
20120922_205415.jpg,10917,1
20120923_095415.jpg,10917,0
20120923_135414.jpg,10917,0
20120923_162412.jpg,10917,0
20120923_165420.jpg,10917,0
20120923_195415.jpg,10917,1
20120924_055419.jpg,10917,0
20120924_062416.jpg,10917,0
20120924_122419.jpg,10917,0
20120924_125419.jpg,10917,0
20120924_145423.jpg,10917,0
20120925_072419.jpg,10917,0
20120925_105420.jpg,10917,0
20120925_125421.jpg,10917,0
20120925_162420.jpg,10917,0
20120925_182420.jpg,10917,1
20120926_065422.jpg,10917,0
20120926_082421.jpg,10917,0
20120926_105419.jpg,10917,0
20120926_125417.jpg,10917,0
20120926_182418.jpg,10917,1
20120927_052421.jpg,10917,0
20120927_055424.jpg,10917,0
20120927_152420.jpg,10917,0
20120927_155423.jpg,10917,0
20120927_165413.jpg,10917,0
20120928_052423.jpg,10917,0
20120928_062425.jpg,10917,0
20120928_065421.jpg,10917,0
20120928_092418.jpg,10917,0
20120928_135420.jpg,10917,0
20120929_052511.jpg,10917,0
20120929_105416.jpg,10917,0
20120929_125419.jpg,10917,0
20120929_135423.jpg,10917,0
20120929_155416.jpg,10917,0
20120930_072418.jpg,10917,0
20120930_102416.jpg,10917,0
20120930_125420.jpg,10917,0
20120930_165413.jpg,10917,0
20120930_205417.jpg,10917,1
20121001_052415.jpg,10917,0
20121001_092414.jpg,10917,0
20121001_095411.jpg,10917,0
20121001_162418.jpg,10917,0
20121001_202414.jpg,10917,1
20121002_072415.jpg,10917,0
20121002_095413.jpg,10917,0
20121002_102415.jpg,10917,0
20121002_132411.jpg,10917,0
20121002_182415.jpg,10917,1
20121003_112414.jpg,10917,0
20121003_145414.jpg,10917,0
20121003_155420.jpg,10917,0
20121003_165419.jpg,10917,0
20121003_172412.jpg,10917,0
20121004_092415.jpg,10917,0
20121004_095422.jpg,10917,0
20121004_105422.jpg,10917,0
20121004_155422.jpg,10917,0
20121004_182415.jpg,10917,1
20121005_075417.jpg,10917,0
20121005_112413.jpg,10917,0
20121005_115416.jpg,10917,0
20121005_135413.jpg,10917,0
20121005_152413.jpg,10917,0
20121006_075418.jpg,10917,0
20121006_132417.jpg,10917,0
20121006_175418.jpg,10917,1
20121006_185417.jpg,10917,1
20121006_192417.jpg,10917,1
20121007_052414.jpg,10917,1
20121007_092423.jpg,10917,0
20121007_112413.jpg,10917,0
20121007_115414.jpg,10917,0
20121007_122419.jpg,10917,0
20121008_065415.jpg,10917,0
20121008_082415.jpg,10917,0
20121008_092424.jpg,10917,0
20121008_172416.jpg,10917,1
20121008_195416.jpg,10917,1
20121009_072417.jpg,10917,0
20121009_112416.jpg,10917,0
20121009_115417.jpg,10917,0
20121009_125417.jpg,10917,0
20121009_175421.jpg,10917,1
20121010_055416.jpg,10917,0
20121010_092415.jpg,10917,0
20121010_162417.jpg,10917,0
20121010_172416.jpg,10917,1
20121010_205417.jpg,10917,1
20121011_052417.jpg,10917,1
20121011_055417.jpg,10917,0
20121011_065418.jpg,10917,0
20121011_142412.jpg,10917,0
20121011_172419.jpg,10917,1
20121012_065424.jpg,10917,0
20121012_082415.jpg,10917,0
20121012_152415.jpg,10917,0
20121012_155421.jpg,10917,0
20121012_165416.jpg,10917,0
20121013_055415.jpg,10917,0
20121013_062423.jpg,10917,0
20121013_065414.jpg,10917,0
20121013_112418.jpg,10917,0
20121013_122420.jpg,10917,0
20121014_055413.jpg,10917,0
20121014_142417.jpg,10917,0
20121014_145412.jpg,10917,0
20121014_162414.jpg,10917,0
20121014_192412.jpg,10917,1
20121015_075414.jpg,10917,0
20121015_105415.jpg,10917,0
20121015_122418.jpg,10917,0
20121015_172418.jpg,10917,1
20121015_202414.jpg,10917,1
20121016_105412.jpg,10917,0
20121016_112414.jpg,10917,0
20121016_122412.jpg,10917,0
20121016_132418.jpg,10917,0
20121016_202419.jpg,10917,1
20121017_055416.jpg,10917,0
20121017_085421.jpg,10917,0
20121017_135419.jpg,10917,0
20121017_145417.jpg,10917,0
20121017_172415.jpg,10917,1
20121018_075415.jpg,10917,0
20121018_092428.jpg,10917,0
20121018_105416.jpg,10917,0
20121018_172419.jpg,10917,1
20121018_205413.jpg,10917,1
20121019_095412.jpg,10917,0
20121019_102413.jpg,10917,0
20121019_112422.jpg,10917,0
20121019_132419.jpg,10917,0
20121019_135411.jpg,10917,0
20121020_052415.jpg,10917,1
20121020_072420.jpg,10917,0
20121020_092418.jpg,10917,0
20121020_112415.jpg,10917,0
20121020_202415.jpg,10917,1
20121021_065415.jpg,10917,0
20121021_105414.jpg,10917,0
20121021_135419.jpg,10917,0
20121021_142420.jpg,10917,0
20121021_205418.jpg,10917,1
20121022_082416.jpg,10917,0
20121022_085413.jpg,10917,0
20121022_125412.jpg,10917,0
20121022_135413.jpg,10917,0
20121022_175423.jpg,10917,1
20121023_085418.jpg,10917,0
20121023_105416.jpg,10917,0
20121023_155416.jpg,10917,0
20121023_162419.jpg,10917,0
20121023_195418.jpg,10917,1
20121024_092418.jpg,10917,0
20121024_115419.jpg,10917,0
20121024_132416.jpg,10917,0
20121024_142416.jpg,10917,0
20121024_155419.jpg,10917,0
20121025_082414.jpg,10917,0
20121025_095416.jpg,10917,0
20121025_145415.jpg,10917,0
20121025_155424.jpg,10917,0
20121025_195415.jpg,10917,1
20121026_082415.jpg,10917,0
20121026_112413.jpg,10917,0
20121026_145420.jpg,10917,0
20121026_165418.jpg,10917,1
20121026_205416.jpg,10917,1
20121027_052419.jpg,10917,1
20121027_082419.jpg,10917,0
20121027_102414.jpg,10917,0
20121027_115419.jpg,10917,0
20121027_135420.jpg,10917,0
20121028_072417.jpg,10917,0
20121028_102415.jpg,10917,0
20121028_125414.jpg,10917,0
20121028_185417.jpg,10917,1
20121028_202418.jpg,10917,1
20121029_065423.jpg,10917,0
20121029_072416.jpg,10917,0
20121029_085510.jpg,10917,0
20121029_185420.jpg,10917,1
20121029_192416.jpg,10917,1
20121030_062413.jpg,10917,0
20121030_092418.jpg,10917,1
20121030_095418.jpg,10917,0
20121030_122417.jpg,10917,0
20121030_145419.jpg,10917,0
20121031_062424.jpg,10917,0
20121031_085418.jpg,10917,0
20121031_095415.jpg,10917,0
20121031_102418.jpg,10917,0
20121031_202411.jpg,10917,1
20121101_115411.jpg,10917,0
20121101_125419.jpg,10917,0
20121101_135412.jpg,10917,0
20121101_165418.jpg,10917,1
20121101_185419.jpg,10917,1
20121102_105421.jpg,10917,0
20121102_125418.jpg,10917,0
20121102_152418.jpg,10917,0
20121102_172421.jpg,10917,1
20121102_212413.jpg,10917,1
20121103_085420.jpg,10917,0
20121103_105417.jpg,10917,0
20121103_112414.jpg,10917,0
20121103_155412.jpg,10917,0
20121103_205417.jpg,10917,1
20121104_062415.jpg,10917,0
20121104_072417.jpg,10917,0
20121104_145413.jpg,10917,0
20121104_152417.jpg,10917,0
20121104_212423.jpg,10917,1
20121105_085423.jpg,10917,0
20121105_145419.jpg,10917,0
20121105_165418.jpg,10917,1
20121105_172422.jpg,10917,1
20121105_185414.jpg,10917,1
20121106_075412.jpg,10917,0
20121106_092415.jpg,10917,0
20121106_135422.jpg,10917,0
20121106_172411.jpg,10917,1
20121106_202420.jpg,10917,1
20121107_062411.jpg,10917,0
20121107_082421.jpg,10917,0
20121107_092414.jpg,10917,0
20121107_105416.jpg,10917,0
20121107_192418.jpg,10917,1
20121108_062423.jpg,10917,0
20121108_135418.jpg,10917,0
20121108_145417.jpg,10917,0
20121108_155419.jpg,10917,0
20121108_192418.jpg,10917,1
20121109_062412.jpg,10917,0
20121109_105413.jpg,10917,0
20121109_125418.jpg,10917,0
20121109_135415.jpg,10917,0
20121109_195415.jpg,10917,1
20121110_082413.jpg,10917,0
20121110_132412.jpg,10917,0
20121110_155420.jpg,10917,0
20121110_205413.jpg,10917,1
20121110_212418.jpg,10917,1
20121111_135415.jpg,10917,0
20121111_142423.jpg,10917,0
20121111_162412.jpg,10917,0
20121111_172418.jpg,10917,1
20121111_175420.jpg,10917,1
20121112_075420.jpg,10917,0
20121112_082419.jpg,10917,0
20121112_145421.jpg,10917,0
20121112_152419.jpg,10917,0
20121112_172413.jpg,10917,1
20121113_072416.jpg,10917,0
20121113_085420.jpg,10917,0
20121113_092416.jpg,10917,0
20121113_095414.jpg,10917,0
20121113_212417.jpg,10917,1
20121114_072417.jpg,10917,0
20121114_082417.jpg,10917,0
20121114_085419.jpg,10917,0
20121114_135415.jpg,10917,0
20121114_195411.jpg,10917,1
20121115_072418.jpg,10917,0
20121115_112418.jpg,10917,0
20121115_132421.jpg,10917,0
20121115_162420.jpg,10917,0
20121115_185412.jpg,10917,1
20121116_102416.jpg,10917,0
20121116_165413.jpg,10917,1
20121116_195411.jpg,10917,1
20121116_205424.jpg,10917,1
20121116_212424.jpg,10917,1
20121117_085420.jpg,10917,0
20121117_095416.jpg,10917,0
20121117_165412.jpg,10917,1
20121117_175421.jpg,10917,1
20121117_215420.jpg,10917,1
20121118_092415.jpg,10917,0
20121118_122413.jpg,10917,0
20121118_172419.jpg,10917,1
20121118_192416.jpg,10917,1
20121118_205417.jpg,10917,1
20121119_065420.jpg,10917,0
20121119_085414.jpg,10917,0
20121119_112415.jpg,10917,0
20121119_145417.jpg,10917,0
20121119_212416.jpg,10917,1
20121120_072420.jpg,10917,0
20121120_182415.jpg,10917,1
20121120_195419.jpg,10917,1
20121120_202414.jpg,10917,1
20121120_215416.jpg,10917,1
20121121_082420.jpg,10917,0
20121121_115422.jpg,10917,0
20121121_135422.jpg,10917,0
20121121_175422.jpg,10917,1
20121121_212416.jpg,10917,1
20121122_135417.jpg,10917,0
20121122_175419.jpg,10917,1
20121122_182419.jpg,10917,1
20121122_195415.jpg,10917,1
20121122_215416.jpg,10917,1
20121123_062419.jpg,10917,1
20121123_135415.jpg,10917,0
20121123_165424.jpg,10917,1
20121123_175424.jpg,10917,1
20121123_212412.jpg,10917,1
20121124_085419.jpg,10917,0
20121124_092420.jpg,10917,0
20121124_192418.jpg,10917,1
20121124_202417.jpg,10917,1
20121124_212417.jpg,10917,1
20121125_092422.jpg,10917,0
20121125_152418.jpg,10917,0
20121125_155416.jpg,10917,0
20121125_165419.jpg,10917,1
20121125_172421.jpg,10917,1
20121126_092419.jpg,10917,0
20121126_095413.jpg,10917,0
20121126_165507.jpg,10917,1
20121126_172512.jpg,10917,1
20121126_205514.jpg,10917,1
20121127_065425.jpg,10917,0
20121127_095422.jpg,10917,0
20121127_132415.jpg,10917,0
20121127_152417.jpg,10917,0
20121127_195422.jpg,10917,1
20121128_072417.jpg,10917,0
20121128_162423.jpg,10917,1
20121128_172413.jpg,10917,1
20121128_175417.jpg,10917,1
20121128_185415.jpg,10917,1
20121129_092418.jpg,10917,0
20121129_095418.jpg,10917,0
20121129_115425.jpg,10917,0
20121129_135418.jpg,10917,0
20121129_172424.jpg,10917,1
20121130_072418.jpg,10917,0
20121130_125420.jpg,10917,0
20121130_155421.jpg,10917,0
20121130_185426.jpg,10917,1
20121130_215423.jpg,10917,1
20121201_085415.jpg,10917,0
20121201_112420.jpg,10917,0
20121201_115417.jpg,10917,0
20121201_125414.jpg,10917,0
20121201_142421.jpg,10917,0
20121202_085415.jpg,10917,0
20121202_125420.jpg,10917,0
20121202_165419.jpg,10917,1
20121202_192414.jpg,10917,1
20121202_212417.jpg,10917,1
20121203_095414.jpg,10917,0
20121203_132418.jpg,10917,0
20121203_165422.jpg,10917,1
20121203_192415.jpg,10917,1
20121203_202422.jpg,10917,1
20121204_065418.jpg,10917,0
20121204_095418.jpg,10917,0
20121204_105419.jpg,10917,0
20121204_142415.jpg,10917,0
20121204_172419.jpg,10917,1
20121205_082421.jpg,10917,0
20121205_095421.jpg,10917,0
20121205_162418.jpg,10917,1
20121205_185423.jpg,10917,1
20121205_195415.jpg,10917,1
20121206_072414.jpg,10917,0
20121206_075416.jpg,10917,0
20121206_085425.jpg,10917,0
20121206_105422.jpg,10917,0
20121206_125411.jpg,10917,0
20121207_075422.jpg,10917,0
20121207_092419.jpg,10917,0
20121207_142420.jpg,10917,0
20121207_162419.jpg,10917,1
20121207_212414.jpg,10917,1
20121208_102418.jpg,10917,0
20121208_155414.jpg,10917,0
20121208_165418.jpg,10917,1
20121208_192414.jpg,10917,1
20121208_195422.jpg,10917,1
20121209_112420.jpg,10917,0
20121209_175412.jpg,10917,1
20121209_185415.jpg,10917,1
20121209_205417.jpg,10917,1
20121209_215417.jpg,10917,1
20121210_065422.jpg,10917,0
20121210_102417.jpg,10917,0
20121210_152415.jpg,10917,0
20121210_162425.jpg,10917,1
20121210_215415.jpg,10917,1
20121211_072415.jpg,10917,0
20121211_145418.jpg,10917,0
20121211_192417.jpg,10917,1
20121211_202415.jpg,10917,1
20121211_215416.jpg,10917,1
20121212_122414.jpg,10917,0
20121212_145420.jpg,10917,0
20121212_175416.jpg,10917,1
20121212_202416.jpg,10917,1
20121212_205419.jpg,10917,1
20121213_112416.jpg,10917,0
20121213_122420.jpg,10917,0
20121213_135415.jpg,10917,0
20121213_152416.jpg,10917,0
20121213_172420.jpg,10917,1
20121214_072424.jpg,10917,0
20121214_082418.jpg,10917,0
20121214_095419.jpg,10917,0
20121214_135413.jpg,10917,0
20121214_152416.jpg,10917,0
20121215_085422.jpg,10917,0
20121215_095417.jpg,10917,0
20121215_155416.jpg,10917,0
20121215_175416.jpg,10917,1
20121215_215421.jpg,10917,1
20121216_085415.jpg,10917,0
20121216_135419.jpg,10917,0
20121216_165424.jpg,10917,1
20121216_182417.jpg,10917,1
20121216_202415.jpg,10917,0
20121217_062419.jpg,10917,1
20121217_145414.jpg,10917,0
20121217_162413.jpg,10917,1
20121217_172420.jpg,10917,1
20121217_212422.jpg,10917,1
20121218_132413.jpg,10917,0
20121218_142435.jpg,10917,0
20121218_172416.jpg,10917,1
20121218_205421.jpg,10917,1
20121218_212413.jpg,10917,1
20121219_125413.jpg,10917,0
20121219_135419.jpg,10917,0
20121219_162419.jpg,10917,1
20121219_185429.jpg,10917,1
20121219_202417.jpg,10917,1
20121220_095418.jpg,10917,0
20121220_112419.jpg,10917,0
20121220_135421.jpg,10917,0
20121220_172424.jpg,10917,1
20121220_212416.jpg,10917,1
20121221_072418.jpg,10917,0
20121221_075427.jpg,10917,0
20121221_085418.jpg,10917,0
20121221_092415.jpg,10917,0
20121221_215419.jpg,10917,1
20121222_082417.jpg,10917,0
20121222_085419.jpg,10917,0
20121222_092419.jpg,10917,0
20121222_122417.jpg,10917,0
20121222_145421.jpg,10917,0
20121223_062416.jpg,10917,1
20121223_065418.jpg,10917,1
20121223_095429.jpg,10917,0
20121223_115423.jpg,10917,0
20121223_212419.jpg,10917,1
20121224_102428.jpg,10917,0
20121224_105419.jpg,10917,0
20121224_122420.jpg,10917,0
20121224_182417.jpg,10917,1
20121224_195420.jpg,10917,1
20121225_065416.jpg,10917,1
20121225_092424.jpg,10917,0
20121225_132419.jpg,10917,0
20121225_152429.jpg,10917,0
20121225_195420.jpg,10917,1
20121226_072416.jpg,10917,0
20121226_082417.jpg,10917,0
20121226_105416.jpg,10917,0
20121226_202426.jpg,10917,1
20121226_215413.jpg,10917,1
20121227_075420.jpg,10917,0
20121227_112423.jpg,10917,0
20121227_162423.jpg,10917,1
20121227_165419.jpg,10917,1
20121227_212415.jpg,10917,1
20121228_112422.jpg,10917,0
20121228_122420.jpg,10917,0
20121228_165457.jpg,10917,1
20121228_182412.jpg,10917,1
20121228_205416.jpg,10917,1
20121229_062419.jpg,10917,1
20121229_092420.jpg,10917,0
20121229_095422.jpg,10917,0
20121229_112417.jpg,10917,0
20121229_195422.jpg,10917,1
20121230_085420.jpg,10917,0
20121230_152426.jpg,10917,0
20121230_182419.jpg,10917,1
20121230_192421.jpg,10917,1
20121230_202415.jpg,10917,1
20121231_135416.jpg,10917,0
20121231_172423.jpg,10917,1
20121231_195424.jpg,10917,1
20121231_212414.jpg,10917,1
20121231_215419.jpg,10917,1
20130101_095419.jpg,10917,0
20130101_105417.jpg,10917,0
20130101_145420.jpg,10917,0
20130101_165435.jpg,10917,1
20130101_205421.jpg,10917,1
20130102_112417.jpg,10917,0
20130102_152414.jpg,10917,0
20130102_155419.jpg,10917,0
20130102_162421.jpg,10917,0
20130102_172415.jpg,10917,1
20130103_145416.jpg,10917,0
20130103_165415.jpg,10917,1
20130103_192421.jpg,10917,1
20130103_195420.jpg,10917,1
20130103_215417.jpg,10917,1
20130104_062415.jpg,10917,1
20130104_085413.jpg,10917,0
20130104_135418.jpg,10917,0
20130104_192426.jpg,10917,1
20130104_205416.jpg,10917,1
20130105_092417.jpg,10917,0
20130105_112414.jpg,10917,0
20130105_142419.jpg,10917,0
20130105_155422.jpg,10917,0
20130105_192417.jpg,10917,1
20130106_075428.jpg,10917,0
20130106_102416.jpg,10917,0
20130106_132418.jpg,10917,0
20130106_175422.jpg,10917,1
20130106_205421.jpg,10917,1
20130107_065418.jpg,10917,1
20130107_082418.jpg,10917,0
20130107_092416.jpg,10917,0
20130107_195427.jpg,10917,1
20130107_212430.jpg,10917,1
20130108_065421.jpg,10917,1
20130108_092417.jpg,10917,0
20130108_152423.jpg,10917,0
20130108_155416.jpg,10917,0
20130108_165415.jpg,10917,1
20130109_092414.jpg,10917,0
20130109_102423.jpg,10917,0
20130109_142414.jpg,10917,0
20130109_162419.jpg,10917,0
20130109_165420.jpg,10917,1
20130110_072415.jpg,10917,0
20130110_092414.jpg,10917,0
20130110_152414.jpg,10917,0
20130110_175412.jpg,10917,1
20130110_202416.jpg,10917,1
20130111_102420.jpg,10917,0
20130111_105416.jpg,10917,0
20130111_142417.jpg,10917,0
20130111_175415.jpg,10917,1
20130111_195420.jpg,10917,1
20130112_065422.jpg,10917,1
20130112_162417.jpg,10917,0
20130112_172417.jpg,10917,1
20130112_182422.jpg,10917,1
20130112_205416.jpg,10917,1
20130113_082420.jpg,10917,0
20130113_115415.jpg,10917,0
20130113_122417.jpg,10917,0
20130113_165417.jpg,10917,1
20130113_215420.jpg,10917,1
20130114_065412.jpg,10917,1
20130114_085420.jpg,10917,0
20130114_145425.jpg,10917,0
20130114_162413.jpg,10917,0
20130114_205419.jpg,10917,1
20130115_085419.jpg,10917,0
20130115_102420.jpg,10917,0
20130115_112413.jpg,10917,0
20130115_115417.jpg,10917,0
20130115_162421.jpg,10917,0
20130116_095412.jpg,10917,0
20130116_102420.jpg,10917,0
20130116_132414.jpg,10917,0
20130116_195419.jpg,10917,1
20130116_205418.jpg,10917,1
20130117_082415.jpg,10917,0
20130117_102415.jpg,10917,0
20130117_105417.jpg,10917,0
20130117_175418.jpg,10917,1
20130117_212417.jpg,10917,1
20130118_065428.jpg,10917,1
20130118_075416.jpg,10917,0
20130118_092422.jpg,10917,0
20130118_102423.jpg,10917,0
20130118_122414.jpg,10917,0
20130119_065412.jpg,10917,1
20130119_082426.jpg,10917,0
20130119_115418.jpg,10917,0
20130119_195419.jpg,10917,1
20130119_205417.jpg,10917,1
20130120_065424.jpg,10917,1
20130120_132418.jpg,10917,0
20130120_142428.jpg,10917,0
20130120_195418.jpg,10917,1
20130120_205421.jpg,10917,1
20130121_092412.jpg,10917,0
20130121_152418.jpg,10917,0
20130121_162417.jpg,10917,0
20130121_175415.jpg,10917,1
20130121_215416.jpg,10917,1
20130122_072418.jpg,10917,0
20130122_095416.jpg,10917,0
20130122_102415.jpg,10917,0
20130122_142421.jpg,10917,0
20130122_192419.jpg,10917,1
20130123_072414.jpg,10917,0
20130123_075419.jpg,10917,0
20130123_092418.jpg,10917,0
20130123_105414.jpg,10917,0
20130123_215421.jpg,10917,1
20130124_075421.jpg,10917,0
20130124_085417.jpg,10917,0
20130124_142416.jpg,10917,0
20130124_145423.jpg,10917,0
20130124_195418.jpg,10917,1
20130125_082429.jpg,10917,0
20130125_095427.jpg,10917,0
20130125_102421.jpg,10917,0
20130125_135416.jpg,10917,0
20130125_205423.jpg,10917,1
20130126_065419.jpg,10917,0
20130126_145418.jpg,10917,0
20130126_172413.jpg,10917,1
20130126_212422.jpg,10917,1
20130126_215417.jpg,10917,1
20130127_062414.jpg,10917,1
20130127_085415.jpg,10917,0
20130127_115427.jpg,10917,0
20130127_142416.jpg,10917,0
20130127_182421.jpg,10917,1
20130128_062420.jpg,10917,1
20130128_092418.jpg,10917,0
20130128_095421.jpg,10917,0
20130128_122415.jpg,10917,0
20130128_202418.jpg,10917,1
20130129_062418.jpg,10917,1
20130129_075418.jpg,10917,0
20130129_125419.jpg,10917,0
20130129_155420.jpg,10917,0
20130129_182417.jpg,10917,1
20130130_062414.jpg,10917,1
20130130_132421.jpg,10917,0
20130130_175424.jpg,10917,1
20130130_205417.jpg,10917,1
20130130_215419.jpg,10917,1
20130131_085420.jpg,10917,0
20130131_152415.jpg,10917,0
20130131_185427.jpg,10917,1
20130131_205421.jpg,10917,1
20130131_215420.jpg,10917,1
20130201_102418.jpg,10917,0
20130201_125421.jpg,10917,0
20130201_145414.jpg,10917,0
20130201_152417.jpg,10917,0
20130201_205420.jpg,10917,1
20130202_065428.jpg,10917,0
20130202_092422.jpg,10917,0
20130202_115421.jpg,10917,0
20130202_122417.jpg,10917,0
20130202_152421.jpg,10917,0
20130203_062417.jpg,10917,1
20130203_085414.jpg,10917,0
20130203_102418.jpg,10917,0
20130203_195421.jpg,10917,1
20130203_215417.jpg,10917,1
20130204_145417.jpg,10917,0
20130204_172414.jpg,10917,1
20130204_175422.jpg,10917,1
20130204_185418.jpg,10917,1
20130204_212421.jpg,10917,1
20130205_085419.jpg,10917,0
20130205_125415.jpg,10917,0
20130205_132423.jpg,10917,0
20130205_135421.jpg,10917,0
20130205_182412.jpg,10917,1
20130206_082420.jpg,10917,0
20130206_132418.jpg,10917,0
20130206_182413.jpg,10917,1
20130206_205420.jpg,10917,1
20130206_212420.jpg,10917,1
20130207_085412.jpg,10917,0
20130207_165417.jpg,10917,0
20130207_182419.jpg,10917,1
20130207_192426.jpg,10917,0
20130207_202415.jpg,10917,1
20130208_085415.jpg,10917,0
20130208_102424.jpg,10917,0
20130208_132420.jpg,10917,0
20130208_145421.jpg,10917,0
20130208_152421.jpg,10917,0
20130209_065414.jpg,10917,0
20130209_072419.jpg,10917,0
20130209_095418.jpg,10917,0
20130209_112417.jpg,10917,0
20130209_162416.jpg,10917,0
20130210_072419.jpg,10917,0
20130210_102423.jpg,10917,0
20130210_115420.jpg,10917,0
20130210_152419.jpg,10917,0
20130210_205413.jpg,10917,1
20130211_075414.jpg,10917,0
20130211_092429.jpg,10917,0
20130211_115422.jpg,10917,0
20130211_145413.jpg,10917,0
20130211_195417.jpg,10917,1
20130212_065419.jpg,10917,0
20130212_082420.jpg,10917,0
20130212_152414.jpg,10917,0
20130212_162420.jpg,10917,0
20130212_192417.jpg,10917,1
20130213_065418.jpg,10917,0
20130213_102425.jpg,10917,0
20130213_115414.jpg,10917,0
20130213_132419.jpg,10917,0
20130213_212423.jpg,10917,1
20130214_105415.jpg,10917,0
20130214_122416.jpg,10917,0
20130214_132417.jpg,10917,0
20130214_165420.jpg,10917,0
20130214_202416.jpg,10917,1
20130215_085415.jpg,10917,0
20130215_122416.jpg,10917,0
20130215_132414.jpg,10917,0
20130215_145421.jpg,10917,0
20130215_175419.jpg,10917,1
20130216_142418.jpg,10917,0
20130216_155416.jpg,10917,0
20130216_162418.jpg,10917,0
20130216_175417.jpg,10917,1
20130216_182423.jpg,10917,1
20130217_072417.jpg,10917,0
20130217_135419.jpg,10917,0
20130217_162414.jpg,10917,0
20130217_175416.jpg,10917,1
20130217_205418.jpg,10917,1
20130218_072416.jpg,10917,0
20130218_105417.jpg,10917,0
20130218_115427.jpg,10917,0
20130218_162419.jpg,10917,0
20130218_212423.jpg,10917,1
20130219_082420.jpg,10917,0
20130219_095422.jpg,10917,0
20130219_132418.jpg,10917,0
20130219_162415.jpg,10917,0
20130219_192427.jpg,10917,1
20130220_082424.jpg,10917,0
20130220_092423.jpg,10917,0
20130220_112414.jpg,10917,0
20130220_192412.jpg,10917,1
20130220_215418.jpg,10917,1
20130221_085414.jpg,10917,0
20130221_092420.jpg,10917,0
20130221_095423.jpg,10917,0
20130221_102420.jpg,10917,0
20130221_175415.jpg,10917,1
20130222_075418.jpg,10917,0
20130222_135419.jpg,10917,0
20130222_182424.jpg,10917,1
20130222_185417.jpg,10917,1
20130222_202421.jpg,10917,1
20130223_125419.jpg,10917,0
20130223_162417.jpg,10917,0
20130223_165417.jpg,10917,0
20130223_195414.jpg,10917,1
20130223_215414.jpg,10917,1
20130224_062420.jpg,10917,0
20130224_085414.jpg,10917,0
20130224_095426.jpg,10917,0
20130224_115412.jpg,10917,0
20130224_132416.jpg,10917,0
20130225_062417.jpg,10917,0
20130225_065421.jpg,10917,0
20130225_075419.jpg,10917,0
20130225_085418.jpg,10917,0
20130225_205418.jpg,10917,1
20130226_095424.jpg,10917,0
20130226_102414.jpg,10917,0
20130226_165411.jpg,10917,0
20130226_185414.jpg,10917,1
20130226_212413.jpg,10917,1
20130227_112413.jpg,10917,0
20130227_145419.jpg,10917,0
20130227_165416.jpg,10917,0
20130227_192416.jpg,10917,1
20130227_195425.jpg,10917,1
20130228_062418.jpg,10917,0
20130228_152415.jpg,10917,0
20130228_155414.jpg,10917,0
20130228_182424.jpg,10917,1
20130228_192425.jpg,10917,1
20130301_085417.jpg,10917,0
20130301_102426.jpg,10917,0
20130301_112416.jpg,10917,0
20130301_205417.jpg,10917,1
20130301_215414.jpg,10917,1
20130302_092416.jpg,10917,0
20130302_115416.jpg,10917,0
20130302_132422.jpg,10917,0
20130302_162427.jpg,10917,0
20130302_212420.jpg,10917,1
20130303_135413.jpg,10917,0
20130303_152420.jpg,10917,0
20130303_175422.jpg,10917,1
20130303_212422.jpg,10917,1
20130303_215425.jpg,10917,1
20130304_112413.jpg,10917,0
20130304_142420.jpg,10917,0
20130304_152414.jpg,10917,0
20130304_172418.jpg,10917,0
20130304_212413.jpg,10917,1
20130305_085419.jpg,10917,0
20130305_132417.jpg,10917,0
20130305_135423.jpg,10917,0
20130305_155416.jpg,10917,0
20130305_162424.jpg,10917,0
20130306_072421.jpg,10917,0
20130306_075413.jpg,10917,0
20130306_145415.jpg,10917,0
20130306_185415.jpg,10917,1
20130306_215412.jpg,10917,1
20130307_062419.jpg,10917,0
20130307_065415.jpg,10917,0
20130307_072419.jpg,10917,0
20130307_105413.jpg,10917,0
20130307_205417.jpg,10917,1
20130308_065420.jpg,10917,0
20130308_075413.jpg,10917,0
20130308_105422.jpg,10917,0
20130308_155421.jpg,10917,0
20130308_182420.jpg,10917,1
20130309_075417.jpg,10917,0
20130309_142421.jpg,10917,0
20130309_155416.jpg,10917,0
20130309_185416.jpg,10917,1
20130309_192417.jpg,10917,1
20130310_065420.jpg,10917,0
20130310_095425.jpg,10917,0
20130310_135416.jpg,10917,0
20130310_185419.jpg,10917,1
20130310_205419.jpg,10917,1
20130311_065416.jpg,10917,0
20130311_092415.jpg,10917,0
20130311_102421.jpg,10917,0
20130311_202422.jpg,10917,1
20130311_205414.jpg,10917,1
20130312_072424.jpg,10917,0
20130312_112415.jpg,10917,0
20130312_135413.jpg,10917,0
20130312_172418.jpg,10917,0
20130312_195424.jpg,10917,1
20130313_095417.jpg,10917,0
20130313_185416.jpg,10917,1
20130313_195413.jpg,10917,1
20130313_202418.jpg,10917,1
20130313_205420.jpg,10917,1
20130314_112424.jpg,10917,0
20130314_115422.jpg,10917,0
20130314_182418.jpg,10917,1
20130314_205419.jpg,10917,1
20130314_212419.jpg,10917,1
20130315_065415.jpg,10917,0
20130315_092413.jpg,10917,0
20130315_095420.jpg,10917,0
20130315_182411.jpg,10917,1
20130315_195420.jpg,10917,1
20130316_095420.jpg,10917,0
20130316_102416.jpg,10917,0
20130316_115423.jpg,10917,0
20130316_122416.jpg,10917,0
20130316_155420.jpg,10917,0
20130317_102414.jpg,10917,0
20130317_105422.jpg,10917,0
20130317_115416.jpg,10917,0
20130317_155427.jpg,10917,0
20130317_205421.jpg,10917,1
20130318_072419.jpg,10917,0
20130318_155424.jpg,10917,0
20130318_192419.jpg,10917,1
20130318_202421.jpg,10917,1
20130318_212422.jpg,10917,1
20130319_075420.jpg,10917,0
20130319_102414.jpg,10917,0
20130319_122419.jpg,10917,0
20130319_162422.jpg,10917,0
20130319_215419.jpg,10917,1
20130320_092418.jpg,10917,0
20130320_112418.jpg,10917,0
20130320_152425.jpg,10917,0
20130320_165422.jpg,10917,0
20130320_175419.jpg,10917,0
20130321_085420.jpg,10917,0
20130321_115416.jpg,10917,0
20130321_162416.jpg,10917,0
20130321_205425.jpg,10917,1
20130321_215424.jpg,10917,1
20130322_062420.jpg,10917,0
20130322_065416.jpg,10917,0
20130322_075420.jpg,10917,0
20130322_145420.jpg,10917,0
20130322_195419.jpg,10917,1
20130323_085425.jpg,10917,0
20130323_122416.jpg,10917,0
20130323_125419.jpg,10917,0
20130323_132423.jpg,10917,0
20130323_192428.jpg,10917,1
20130324_085418.jpg,10917,0
20130324_105415.jpg,10917,0
20130324_142416.jpg,10917,0
20130324_152415.jpg,10917,0
20130324_202418.jpg,10917,1
20130325_062413.jpg,10917,0
20130325_152419.jpg,10917,0
20130325_162416.jpg,10917,0
20130325_175418.jpg,10917,0
20130325_182415.jpg,10917,1
20130326_072417.jpg,10917,0
20130326_122416.jpg,10917,0
20130326_172415.jpg,10917,0
20130326_205419.jpg,10917,1
20130326_215420.jpg,10917,1
20130327_085424.jpg,10917,0
20130327_145423.jpg,10917,0
20130327_155420.jpg,10917,0
20130327_172420.jpg,10917,0
20130327_215424.jpg,10917,1
20130328_092422.jpg,10917,0
20130328_122419.jpg,10917,0
20130328_165416.jpg,10917,0
20130328_172414.jpg,10917,0
20130328_215417.jpg,10917,1
20130329_065422.jpg,10917,0
20130329_095418.jpg,10917,0
20130329_155419.jpg,10917,0
20130329_185422.jpg,10917,1
20130329_215421.jpg,10917,1
20130330_062418.jpg,10917,0
20130330_065422.jpg,10917,0
20130330_125415.jpg,10917,0
20130330_175415.jpg,10917,0
20130330_182426.jpg,10917,0
20130331_092419.jpg,10917,0
20130331_102417.jpg,10917,0
20130331_125416.jpg,10917,0
20130331_165417.jpg,10917,0
20130331_182421.jpg,10917,0
20130401_052412.jpg,10917,0
20130401_115416.jpg,10917,0
20130401_122418.jpg,10917,0
20130401_162414.jpg,10917,0
20130401_165416.jpg,10917,0
20130402_052419.jpg,10917,0
20130402_115421.jpg,10917,0
20130402_145419.jpg,10917,0
20130402_182420.jpg,10917,0
20130402_202421.jpg,10917,1
20130403_082412.jpg,10917,0
20130403_122415.jpg,10917,0
20130403_142415.jpg,10917,0
20130403_172417.jpg,10917,0
20130403_195418.jpg,10917,1
20130404_082426.jpg,10917,0
20130404_095413.jpg,10917,0
20130404_132418.jpg,10917,0
20130404_135417.jpg,10917,0
20130404_202417.jpg,10917,1
20130405_052419.jpg,10917,0
20130405_065416.jpg,10917,0
20130405_085425.jpg,10917,0
20130405_145435.jpg,10917,0
20130405_195424.jpg,10917,1
20130406_065412.jpg,10917,0
20130406_115420.jpg,10917,0
20130406_142413.jpg,10917,0
20130406_162414.jpg,10917,0
20130406_182420.jpg,10917,0
20130407_082425.jpg,10917,0
20130407_085419.jpg,10917,0
20130407_122418.jpg,10917,0
20130407_132424.jpg,10917,0
20130407_195424.jpg,10917,1
20130408_052416.jpg,10917,0
20130408_055414.jpg,10917,0
20130408_072418.jpg,10917,0
20130408_132417.jpg,10917,0
20130408_145419.jpg,10917,0
20130409_072421.jpg,10917,0
20130409_092427.jpg,10917,0
20130409_102426.jpg,10917,0
20130409_132420.jpg,10917,0
20130409_205425.jpg,10917,1
20130410_092421.jpg,10917,0
20130410_122421.jpg,10917,0
20130410_175418.jpg,10917,0
20130410_185422.jpg,10917,1
20130410_202422.jpg,10917,1
20130411_062414.jpg,10917,0
20130411_105420.jpg,10917,0
20130411_112423.jpg,10917,0
20130411_145419.jpg,10917,0
20130411_192423.jpg,10917,1
20130412_052415.jpg,10917,0
20130412_075417.jpg,10917,0
20130412_082417.jpg,10917,0
20130412_092419.jpg,10917,0
20130412_105419.jpg,10917,0
20130413_065415.jpg,10917,0
20130413_075418.jpg,10917,0
20130413_145417.jpg,10917,0
20130413_155412.jpg,10917,0
20130413_202423.jpg,10917,1
20130414_092419.jpg,10917,0
20130414_165420.jpg,10917,0
20130414_175424.jpg,10917,0
20130414_192416.jpg,10917,1
20130414_205423.jpg,10917,1
20130415_085417.jpg,10917,0
20130415_115420.jpg,10917,0
20130415_155417.jpg,10917,0
20130415_172415.jpg,10917,0
20130415_205418.jpg,10917,1
20130416_055414.jpg,10917,0
20130416_092418.jpg,10917,0
20130416_105424.jpg,10917,0
20130416_152416.jpg,10917,0
20130416_195417.jpg,10917,1
20130417_085426.jpg,10917,0
20130417_115421.jpg,10917,0
20130417_132416.jpg,10917,0
20130417_175421.jpg,10917,0
20130417_205422.jpg,10917,1
20130418_095422.jpg,10917,0
20130418_132421.jpg,10917,0
20130418_142417.jpg,10917,0
20130418_165423.jpg,10917,0
20130418_172416.jpg,10917,0
20130419_052425.jpg,10917,0
20130419_115418.jpg,10917,0
20130419_135426.jpg,10917,0
20130419_162414.jpg,10917,0
20130419_202412.jpg,10917,1
20130420_052421.jpg,10917,0
20130420_072427.jpg,10917,0
20130420_105417.jpg,10917,0
20130420_145420.jpg,10917,0
20130420_162425.jpg,10917,0
20130421_085420.jpg,10917,0
20130421_092419.jpg,10917,0
20130421_102421.jpg,10917,0
20130421_115424.jpg,10917,0
20130421_122425.jpg,10917,0
20130422_062422.jpg,10917,0
20130422_072424.jpg,10917,0
20130422_102426.jpg,10917,0
20130422_132415.jpg,10917,0
20130422_192414.jpg,10917,1
20130423_062422.jpg,10917,0
20130423_095422.jpg,10917,0
20130423_115415.jpg,10917,0
20130423_135420.jpg,10917,0
20130423_175414.jpg,10917,0
20130424_092421.jpg,10917,0
20130424_095424.jpg,10917,0
20130424_115416.jpg,10917,0
20130424_122421.jpg,10917,0
20130424_175424.jpg,10917,0
20130425_052419.jpg,10917,0
20130425_082417.jpg,10917,0
20130425_115423.jpg,10917,0
20130425_182422.jpg,10917,0
20130425_205418.jpg,10917,1
20130426_062416.jpg,10917,0
20130426_075422.jpg,10917,0
20130426_122424.jpg,10917,0
20130426_135418.jpg,10917,0
20130426_142416.jpg,10917,0
20130427_052421.jpg,10917,0
20130427_122419.jpg,10917,0
20130427_125421.jpg,10917,0
20130427_165425.jpg,10917,0
20130427_175419.jpg,10917,0
20130428_052513.jpg,10917,0
20130428_135415.jpg,10917,0
20130428_165414.jpg,10917,0
20130428_192413.jpg,10917,1
20130428_205419.jpg,10917,1
20130429_085417.jpg,10917,0
20130429_122421.jpg,10917,0
20130429_165418.jpg,10917,0
20130429_172416.jpg,10917,0
20130429_192416.jpg,10917,1
20130430_102418.jpg,10917,0
20130430_115420.jpg,10917,0
20130430_152419.jpg,10917,0
20130430_162421.jpg,10917,0
20130430_195424.jpg,10917,1
20130501_065424.jpg,10917,0
20130501_122416.jpg,10917,0
20130501_142420.jpg,10917,0
20130501_145410.jpg,10917,0
20130501_152424.jpg,10917,0
20130502_062421.jpg,10917,0
20130502_065423.jpg,10917,0
20130502_072422.jpg,10917,0
20130502_092416.jpg,10917,0
20130502_122418.jpg,10917,0
20130503_065419.jpg,10917,0
20130503_085412.jpg,10917,0
20130503_092412.jpg,10917,0
20130503_135426.jpg,10917,0
20130503_152423.jpg,10917,0
20130504_065424.jpg,10917,0
20130504_112419.jpg,10917,0
20130504_162429.jpg,10917,0
20130504_182418.jpg,10917,0
20130504_202419.jpg,10917,1
20130505_072420.jpg,10917,0
20130505_115419.jpg,10917,0
20130505_125418.jpg,10917,0
20130505_135420.jpg,10917,0
20130505_202413.jpg,10917,1
20130506_072419.jpg,10917,0
20130506_082421.jpg,10917,0
20130506_095420.jpg,10917,0
20130506_122411.jpg,10917,0
20130506_142415.jpg,10917,0
20130507_112417.jpg,10917,0
20130507_142420.jpg,10917,0
20130507_162426.jpg,10917,0
20130507_185425.jpg,10917,0
20130507_202420.jpg,10917,1
20130508_055416.jpg,10917,0
20130508_062418.jpg,10917,0
20130508_082419.jpg,10917,0
20130508_105417.jpg,10917,0
20130508_202415.jpg,10917,1
20130509_052417.jpg,10917,0
20130509_105425.jpg,10917,0
20130509_112415.jpg,10917,0
20130509_122420.jpg,10917,0
20130509_145416.jpg,10917,0
20130510_055416.jpg,10917,0
20130510_065423.jpg,10917,0
20130510_072413.jpg,10917,0
20130510_122418.jpg,10917,0
20130510_185426.jpg,10917,0
20130511_075415.jpg,10917,0
20130511_132415.jpg,10917,0
20130511_152412.jpg,10917,0
20130511_185422.jpg,10917,0
20130511_195417.jpg,10917,1
20130512_052415.jpg,10917,0
20130512_055416.jpg,10917,0
20130512_075418.jpg,10917,0
20130512_192421.jpg,10917,0
20130512_202419.jpg,10917,1
20130513_072418.jpg,10917,0
20130513_092418.jpg,10917,0
20130513_145424.jpg,10917,0
20130513_172413.jpg,10917,0
20130513_205417.jpg,10917,1
20130514_085430.jpg,10917,0
20130514_162416.jpg,10917,0
20130514_172420.jpg,10917,0
20130514_182414.jpg,10917,0
20130514_202422.jpg,10917,1
20130515_055426.jpg,10917,0
20130515_092423.jpg,10917,0
20130515_192423.jpg,10917,1
20130515_195414.jpg,10917,1
20130515_202421.jpg,10917,1
20130516_085418.jpg,10917,0
20130516_112417.jpg,10917,0
20130516_145411.jpg,10917,0
20130516_152414.jpg,10917,0
20130516_192416.jpg,10917,1
20130517_062424.jpg,10917,0
20130517_072415.jpg,10917,0
20130517_082421.jpg,10917,0
20130517_165421.jpg,10917,0
20130517_205423.jpg,10917,1
20130518_055422.jpg,10917,0
20130518_062418.jpg,10917,0
20130518_095413.jpg,10917,0
20130518_155421.jpg,10917,0
20130518_175418.jpg,10917,0
20130519_095419.jpg,10917,0
20130519_112413.jpg,10917,0
20130519_165419.jpg,10917,0
20130519_175414.jpg,10917,0
20130519_182424.jpg,10917,0
20130520_055418.jpg,10917,0
20130520_075417.jpg,10917,0
20130520_112424.jpg,10917,0
20130520_132416.jpg,10917,0
20130520_145422.jpg,10917,0
20130521_045416.jpg,10917,0
20130521_065426.jpg,10917,0
20130521_092415.jpg,10917,0
20130521_115418.jpg,10917,0
20130521_142420.jpg,10917,0
20130522_052411.jpg,10917,0
20130522_132417.jpg,10917,0
20130522_142428.jpg,10917,0
20130522_182415.jpg,10917,0
20130522_195418.jpg,10917,1
20130523_062419.jpg,10917,0
20130523_085414.jpg,10917,0
20130523_135415.jpg,10917,0
20130523_162418.jpg,10917,0
20130523_202417.jpg,10917,1
20130524_092427.jpg,10917,0
20130524_102421.jpg,10917,0
20130524_132418.jpg,10917,0
20130524_142417.jpg,10917,0
20130524_145420.jpg,10917,0
20130525_045432.jpg,10917,0
20130525_055415.jpg,10917,0
20130525_072414.jpg,10917,0
20130525_185418.jpg,10917,0
20130525_205416.jpg,10917,1
20130526_045417.jpg,10917,0
20130526_062426.jpg,10917,0
20130526_115421.jpg,10917,0
20130526_145423.jpg,10917,0
20130526_165421.jpg,10917,0
20130527_052414.jpg,10917,0
20130527_085425.jpg,10917,0
20130527_135417.jpg,10917,0
20130527_185416.jpg,10917,0
20130527_202428.jpg,10917,1
20130528_145417.jpg,10917,0
20130528_165421.jpg,10917,0
20130528_192424.jpg,10917,0
20130528_195419.jpg,10917,1
20130528_205415.jpg,10917,1
20130529_045420.jpg,10917,0
20130529_055416.jpg,10917,0
20130529_082415.jpg,10917,0
20130529_085422.jpg,10917,0
20130529_145416.jpg,10917,0
20130604_152429.jpg,10917,0
20130604_165421.jpg,10917,0
20130604_182426.jpg,10917,0
20130604_202418.jpg,10917,1
20130604_205420.jpg,10917,1
20130605_055414.jpg,10917,0
20130605_112422.jpg,10917,0
20130605_115411.jpg,10917,0
20130605_145422.jpg,10917,0
20130605_165419.jpg,10917,0
20130606_055425.jpg,10917,0
20130606_085412.jpg,10917,0
20130606_105420.jpg,10917,0
20130606_172421.jpg,10917,0
20130606_185417.jpg,10917,0
20130607_045415.jpg,10917,0
20130607_092415.jpg,10917,0
20130607_095425.jpg,10917,0
20130607_115417.jpg,10917,0
20130607_172417.jpg,10917,0
20130608_052417.jpg,10917,0
20130608_065419.jpg,10917,0
20130608_075415.jpg,10917,0
20130608_092417.jpg,10917,0
20130608_135410.jpg,10917,0
20130609_085417.jpg,10917,0
20130609_115416.jpg,10917,0
20130609_182414.jpg,10917,0
20130609_192430.jpg,10917,0
20130609_202417.jpg,10917,1
20130610_052418.jpg,10917,0
20130610_075422.jpg,10917,0
20130610_082416.jpg,10917,0
20130610_142421.jpg,10917,0
20130610_145416.jpg,10917,0
20130611_072417.jpg,10917,0
20130611_085415.jpg,10917,0
20130611_115421.jpg,10917,0
20130611_132416.jpg,10917,0
20130611_165420.jpg,10917,0
20130612_052413.jpg,10917,0
20130612_092420.jpg,10917,0
20130612_102417.jpg,10917,0
20130612_125413.jpg,10917,0
20130612_182413.jpg,10917,0
20130613_052415.jpg,10917,0
20130613_075420.jpg,10917,0
20130613_082412.jpg,10917,0
20130613_132418.jpg,10917,0
20130613_142421.jpg,10917,0
20130614_065419.jpg,10917,0
20130614_075419.jpg,10917,0
20130614_085415.jpg,10917,0
20130614_165424.jpg,10917,0
20130614_172424.jpg,10917,0
20130615_102419.jpg,10917,0
20130615_115421.jpg,10917,0
20130615_142419.jpg,10917,0
20130615_192418.jpg,10917,0
20130615_205422.jpg,10917,1
20130616_105423.jpg,10917,0
20130616_112416.jpg,10917,0
20130616_125417.jpg,10917,0
20130616_132423.jpg,10917,0
20130616_202419.jpg,10917,1
20130617_082427.jpg,10917,0
20130617_085416.jpg,10917,0
20130617_192422.jpg,10917,0
20130617_195416.jpg,10917,0
20130617_205419.jpg,10917,1
20130618_045411.jpg,10917,0
20130618_055421.jpg,10917,0
20130618_065418.jpg,10917,0
20130618_082419.jpg,10917,0
20130618_185423.jpg,10917,0
20130619_112417.jpg,10917,0
20130619_135415.jpg,10917,0
20130619_162415.jpg,10917,0
20130619_172420.jpg,10917,0
20130619_185420.jpg,10917,0
20130620_075424.jpg,10917,0
20130620_082411.jpg,10917,0
20130620_112422.jpg,10917,0
20130620_155412.jpg,10917,0
20130620_205420.jpg,10917,1
20130621_055413.jpg,10917,0
20130621_062416.jpg,10917,0
20130621_085421.jpg,10917,0
20130621_162421.jpg,10917,0
20130621_165417.jpg,10917,0
20130622_075419.jpg,10917,0
20130622_095414.jpg,10917,0
20130622_122420.jpg,10917,0
20130622_162413.jpg,10917,0
20130622_165421.jpg,10917,0
20130623_075421.jpg,10917,0
20130623_092415.jpg,10917,0
20130623_105421.jpg,10917,0
20130623_182417.jpg,10917,0
20130623_195412.jpg,10917,0
20130624_072417.jpg,10917,0
20130624_082418.jpg,10917,0
20130624_105417.jpg,10917,0
20130624_165419.jpg,10917,0
20130624_175416.jpg,10917,0
20130625_052423.jpg,10917,0
20130625_055421.jpg,10917,0
20130625_082423.jpg,10917,0
20130625_155418.jpg,10917,0
20130625_192418.jpg,10917,0
20130626_055423.jpg,10917,0
20130626_065422.jpg,10917,0
20130626_092414.jpg,10917,0
20130626_132418.jpg,10917,0
20130626_195420.jpg,10917,1
20130627_052412.jpg,10917,0
20130627_072416.jpg,10917,0
20130627_085521.jpg,10917,0
20130627_095536.jpg,10917,0
20130627_162420.jpg,10917,0
20130628_072418.jpg,10917,0
20130628_102419.jpg,10917,0
20130628_125421.jpg,10917,0
20130628_185412.jpg,10917,0
20130628_202422.jpg,10917,1
20130629_075417.jpg,10917,0
20130629_085413.jpg,10917,0
20130629_132418.jpg,10917,0
20130629_142421.jpg,10917,0
20130629_192418.jpg,10917,0
20130630_055413.jpg,10917,0
20130630_075416.jpg,10917,0
20130630_152421.jpg,10917,0
20130630_162424.jpg,10917,0
20130630_202417.jpg,10917,1
20130701_082421.jpg,10917,0
20130701_152420.jpg,10917,0
20130701_155425.jpg,10917,0
20130701_182418.jpg,10917,0
20130701_195428.jpg,10917,0
20130702_102416.jpg,10917,0
20130702_162418.jpg,10917,0
20130702_165413.jpg,10917,0
20130702_175419.jpg,10917,0
20130702_205418.jpg,10917,1
20130703_045421.jpg,10917,0
20130703_062418.jpg,10917,0
20130703_185417.jpg,10917,0
20130703_202418.jpg,10917,1
20130703_205419.jpg,10917,1
20130704_075421.jpg,10917,0
20130704_095418.jpg,10917,0
20130704_102417.jpg,10917,0
20130704_182422.jpg,10917,0
20130704_205422.jpg,10917,1
20130705_055425.jpg,10917,0
20130705_065419.jpg,10917,0
20130705_082417.jpg,10917,0
20130705_102415.jpg,10917,0
20130705_182412.jpg,10917,0
20130706_062412.jpg,10917,0
20130706_092420.jpg,10917,0
20130706_132415.jpg,10917,0
20130706_135417.jpg,10917,0
20130706_185420.jpg,10917,0
20130707_055415.jpg,10917,0
20130707_065412.jpg,10917,0
20130707_152415.jpg,10917,0
20130707_155414.jpg,10917,0
20130707_182413.jpg,10917,0
20130708_065419.jpg,10917,0
20130708_132415.jpg,10917,0
20130708_165418.jpg,10917,0
20130708_192416.jpg,10917,0
20130708_195420.jpg,10917,1
20130709_072412.jpg,10917,0
20130709_082422.jpg,10917,0
20130709_102414.jpg,10917,0
20130709_162419.jpg,10917,0
20130709_185419.jpg,10917,0
20130710_052417.jpg,10917,0
20130710_075422.jpg,10917,0
20130710_122428.jpg,10917,0
20130710_162418.jpg,10917,0
20130710_182421.jpg,10917,0
20130711_072420.jpg,10917,0
20130711_085414.jpg,10917,0
20130711_092413.jpg,10917,0
20130711_145413.jpg,10917,0
20130711_175411.jpg,10917,0
20130712_052415.jpg,10917,0
20130712_055422.jpg,10917,0
20130712_072417.jpg,10917,0
20130712_195420.jpg,10917,1
20130712_205416.jpg,10917,1
20130713_052417.jpg,10917,0
20130713_062422.jpg,10917,0
20130713_115419.jpg,10917,0
20130713_192422.jpg,10917,0
20130713_195415.jpg,10917,0
20130714_085413.jpg,10917,0
20130714_095422.jpg,10917,0
20130714_115418.jpg,10917,0
20130714_142421.jpg,10917,0
20130714_195423.jpg,10917,1
20130715_045415.jpg,10917,0
20130715_135423.jpg,10917,0
20130715_155420.jpg,10917,0
20130715_165423.jpg,10917,0
20130715_175412.jpg,10917,0
20130716_045416.jpg,10917,0
20130716_092411.jpg,10917,0
20130716_152419.jpg,10917,0
20130716_165413.jpg,10917,0
20130716_172414.jpg,10917,0
20130717_055419.jpg,10917,0
20130717_102418.jpg,10917,0
20130717_125417.jpg,10917,0
20130717_152417.jpg,10917,0
20130717_192417.jpg,10917,0
20130718_085422.jpg,10917,0
20130718_102421.jpg,10917,0
20130718_152416.jpg,10917,0
20130718_162418.jpg,10917,0
20130718_175420.jpg,10917,0
20130719_055419.jpg,10917,0
20130719_095414.jpg,10917,0
20130719_112416.jpg,10917,0
20130719_145424.jpg,10917,0
20130719_172417.jpg,10917,0
20130720_095420.jpg,10917,0
20130720_122416.jpg,10917,0
20130720_132420.jpg,10917,0
20130720_142417.jpg,10917,0
20130720_152416.jpg,10917,0
20130721_055431.jpg,10917,0
20130721_065415.jpg,10917,0
20130721_102412.jpg,10917,0
20130721_112420.jpg,10917,0
20130721_182415.jpg,10917,0
20130722_082418.jpg,10917,0
20130722_125413.jpg,10917,0
20130722_152417.jpg,10917,0
20130722_162421.jpg,10917,0
20130722_192420.jpg,10917,0
20130723_045417.jpg,10917,0
20130723_072426.jpg,10917,0
20130723_082415.jpg,10917,0
20130723_085420.jpg,10917,0
20130723_195427.jpg,10917,1
20130724_085414.jpg,10917,0
20130724_102413.jpg,10917,0
20130724_125419.jpg,10917,0
20130724_142424.jpg,10917,0
20130724_192422.jpg,10917,0
20130725_065419.jpg,10917,0
20130725_085415.jpg,10917,0
20130725_125427.jpg,10917,0
20130725_132420.jpg,10917,0
20130725_135416.jpg,10917,0
20130726_052415.jpg,10917,0
20130726_102415.jpg,10917,0
20130726_112415.jpg,10917,0
20130726_175417.jpg,10917,0
20130726_195410.jpg,10917,1
20130727_062416.jpg,10917,0
20130727_072430.jpg,10917,0
20130727_102420.jpg,10917,0
20130727_112427.jpg,10917,0
20130727_192419.jpg,10917,0
20130728_052413.jpg,10917,0
20130728_055420.jpg,10917,0
20130728_085416.jpg,10917,0
20130728_115418.jpg,10917,0
20130728_205414.jpg,10917,1
20130729_055421.jpg,10917,0
20130729_092425.jpg,10917,0
20130729_125419.jpg,10917,0
20130729_152413.jpg,10917,0
20130729_185416.jpg,10917,0
20130730_082426.jpg,10917,0
20130730_085419.jpg,10917,0
20130730_112418.jpg,10917,0
20130730_122421.jpg,10917,0
20130730_165418.jpg,10917,0
20130731_095424.jpg,10917,0
20130731_112422.jpg,10917,0
20130731_175415.jpg,10917,0
20130731_185415.jpg,10917,0
20130731_202416.jpg,10917,1
20130801_082410.jpg,10917,0
20130801_125423.jpg,10917,0
20130801_132427.jpg,10917,0
20130801_155422.jpg,10917,0
20130801_182418.jpg,10917,0
20130802_052415.jpg,10917,0
20130802_092416.jpg,10917,0
20130802_102412.jpg,10917,0
20130802_115418.jpg,10917,0
20130802_192415.jpg,10917,0
20130803_055411.jpg,10917,0
20130803_072420.jpg,10917,0
20130803_095421.jpg,10917,0
20130803_195419.jpg,10917,1
20130803_202412.jpg,10917,1
20130804_082417.jpg,10917,0
20130804_125420.jpg,10917,0
20130804_182419.jpg,10917,0
20130804_192420.jpg,10917,0
20130804_195424.jpg,10917,1
20130805_052419.jpg,10917,0
20130805_165416.jpg,10917,0
20130805_172421.jpg,10917,0
20130805_182422.jpg,10917,0
20130805_195419.jpg,10917,1
20130806_045419.jpg,10917,0
20130806_095422.jpg,10917,0
20130806_115417.jpg,10917,0
20130806_142421.jpg,10917,0
20130806_182418.jpg,10917,0
20130807_085417.jpg,10917,0
20130807_115423.jpg,10917,0
20130807_125422.jpg,10917,0
20130807_145421.jpg,10917,0
20130807_202418.jpg,10917,1
20130808_052420.jpg,10917,0
20130808_055414.jpg,10917,0
20130808_085410.jpg,10917,0
20130808_095420.jpg,10917,0
20130808_102424.jpg,10917,0
20130809_092414.jpg,10917,0
20130809_095416.jpg,10917,0
20130809_182410.jpg,10917,0
20130809_185429.jpg,10917,0
20130809_192419.jpg,10917,1
20130810_095420.jpg,10917,0
20130810_105419.jpg,10917,0
20130810_135413.jpg,10917,0
20130810_142419.jpg,10917,0
20130810_172417.jpg,10917,0
20130811_095417.jpg,10917,0
20130811_115423.jpg,10917,0
20130811_142418.jpg,10917,0
20130811_155414.jpg,10917,0
20130811_205415.jpg,10917,1
20130812_045416.jpg,10917,0
20130812_085424.jpg,10917,0
20130812_102416.jpg,10917,0
20130812_132420.jpg,10917,0
20130812_135417.jpg,10917,0
20130813_112422.jpg,10917,0
20130813_115416.jpg,10917,0
20130813_125414.jpg,10917,0
20130813_172426.jpg,10917,0
20130813_182425.jpg,10917,0
20130814_105418.jpg,10917,0
20130814_145418.jpg,10917,0
20130814_155417.jpg,10917,0
20130814_165422.jpg,10917,0
20130814_205418.jpg,10917,1
20130815_102412.jpg,10917,0
20130815_115419.jpg,10917,0
20130815_152421.jpg,10917,0
20130815_192422.jpg,10917,1
20130815_205417.jpg,10917,1
20130816_045422.jpg,10917,0
20130816_062422.jpg,10917,0
20130816_122415.jpg,10917,0
20130816_202414.jpg,10917,1
20130816_205423.jpg,10917,1
20130817_072419.jpg,10917,0
20130817_082418.jpg,10917,0
20130817_122422.jpg,10917,0
20130817_132414.jpg,10917,0
20130817_182420.jpg,10917,0
20130818_092421.jpg,10917,0
20130818_105415.jpg,10917,0
20130818_135421.jpg,10917,0
20130818_142425.jpg,10917,0
20130818_165416.jpg,10917,0
20130819_052418.jpg,10917,0
20130819_062423.jpg,10917,0
20130819_072419.jpg,10917,0
20130819_102415.jpg,10917,0
20130819_125424.jpg,10917,0
20130820_205421.jpg,10917,1
20130821_045417.jpg,10917,0
20130821_082421.jpg,10917,0
20130821_092416.jpg,10917,0
20130821_102417.jpg,10917,0
20130821_132421.jpg,10917,0
20130822_052410.jpg,10917,0
20130822_092415.jpg,10917,0
20130822_135418.jpg,10917,0
20130822_192416.jpg,10917,1
20130822_195416.jpg,10917,1
20130823_052417.jpg,10917,0
20130823_112416.jpg,10917,0
20130823_115413.jpg,10917,0
20130823_135419.jpg,10917,0
20130823_142420.jpg,10917,0
20130824_105423.jpg,10917,0
20130824_152418.jpg,10917,0
20130824_172422.jpg,10917,0
20130824_175421.jpg,10917,0
20130824_182412.jpg,10917,0
20130825_112427.jpg,10917,0
20130825_125415.jpg,10917,0
20130825_175426.jpg,10917,0
20130825_192421.jpg,10917,1
20130825_205417.jpg,10917,1
20130826_045429.jpg,10917,0
20130826_052422.jpg,10917,0
20130826_075417.jpg,10917,0
20130826_085427.jpg,10917,0
20130826_205416.jpg,10917,1
20130827_052424.jpg,10917,0
20130827_162415.jpg,10917,0
20130827_175415.jpg,10917,0
20130827_182416.jpg,10917,0
20130827_205424.jpg,10917,1
20130828_065420.jpg,10917,0
20130828_095417.jpg,10917,0
20130828_115421.jpg,10917,0
20130828_122420.jpg,10917,0
20130828_182422.jpg,10917,0
20130829_045419.jpg,10917,0
20130829_092418.jpg,10917,0
20130829_112419.jpg,10917,0
20130829_132415.jpg,10917,0
20130829_162419.jpg,10917,0
20130830_055411.jpg,10917,0
20130830_082410.jpg,10917,0
20130830_095420.jpg,10917,0
20130830_152419.jpg,10917,0
20130830_205422.jpg,10917,1
20130831_095423.jpg,10917,0
20130831_112412.jpg,10917,0
20130831_142416.jpg,10917,0
20130831_152416.jpg,10917,0
20130831_185420.jpg,10917,1
